Core_Formula,Shell_Formula,Consensus_Quality,XGB_Quality,ET_Quality,Verification_Agreement_%,Core_Eg_nano_3nm_eV,Shell_Eg_bulk_eV,Total_Confinement_eV,Dielectric_Contrast_Ratio,Defect_Gradient_eV,Confinement_Asymmetry
Ba2InCuO4,Ba(PO3)2,0.6665954940282546,0.7579012,0.5296369028000143,64.54251879855609,1.3662169977268188,5.4349,4.0687,17.40684437120676,-0.7557097571428559,-0.0567011576179123
Ba2InCuO4,Ba2YC2(O2F)3,0.6644875959230445,0.76111335,0.5195489415707644,62.275081187629254,1.3662169977268188,5.263999999999999,3.8978,16.447548766982095,-0.9698248188095252,-0.1847708964030992
Ba3Zr6BeCl18,Ba2YC2(O2F)3,0.6627215347459667,0.7542212,0.5254719907469436,64.24936669484535,1.2822169977268187,5.263999999999999,3.9818,16.447548766982095,-0.9081494096428576,-0.1006077653322617
Ba2MnSe3,Ba2HoCl7,0.6609792039243703,0.74684435,0.5321814679722798,66.43337764003661,1.322916997726819,5.4559,4.133,17.526026148831015,-1.0944490683396175,-0.1297846600532301
Ba2MnSe3,Ba2DyCl7,0.6598138885102061,0.7468735,0.5292244445287652,65.8883466249928,1.322916997726819,5.4194,4.096500000000001,17.31921624773407,-1.097789788006283,-0.1398510923959477
Ba3Zr6BeCl18,Ba(PO3)2,0.6587500044326229,0.7435467,0.5315549097012091,66.74903255361794,1.2822169977268187,5.4349,4.152699999999999,17.40684437120676,-0.6940343479761886,0.0214077588075228
Ba(GdSe2)2,Ba2DyCl7,0.6580588943916283,0.7453305,0.5271514075889493,65.70810139048649,1.481060739031996,5.4194,3.9384,17.31921624773407,-0.6162207365416692,-0.0547938249035141
Ba2Zr6BCl17,Ba2DyCl7,0.6574364321346716,0.7470967,0.5229459744979035,64.70185698525668,1.3409169977268192,5.4194,4.0785,17.31921624773407,-0.5455858848910249,-0.1808753218094888
Ba2Zr6BCl17,Ba3Tm(BO2)9,0.655124058265653,0.74076664,0.5266601342438827,66.2139835091854,1.3409169977268192,5.2676,3.9267,16.467591779378182,-0.8135960599017791,0.0226908090763235
Ba2SnSe5,Ba2DyCl7,0.6534445668016269,0.7345314,0.5318142684187478,67.98391800747426,1.3426169977268192,5.4194,4.0768,17.31921624773407,-1.3586203035143225,0.0042189952904239
Ba2Zr6BCl17,Ba2HoCl7,0.6523706527122152,0.7377169,0.5243512023409932,66.18792468473393,1.3409169977268192,5.4559,4.115,17.526026148831015,-0.5422451652243594,-0.1704009720534629
Ba(GdSe2)2,Ba2HoCl7,0.6522062952522576,0.737251,0.5246392476568968,66.30265758900369,1.481060739031996,5.4559,3.9749,17.526026148831015,-0.6128800168750037,-0.0451080530327807
Ba2InCuO4,Al2Pb3F12,0.6514012242772297,0.73567015,0.524997792000104,66.5776608700688,1.3662169977268188,5.2252,3.859,16.232185176768496,-1.020414262843138,0.0072039388442601
Ba2Na2U(S2O)2,Ba2DyCl7,0.6497170521005485,0.73329294,0.5243532094320887,66.77289102453724,1.5081917121269697,5.4194,3.9112,16.662390744610835,-0.506995864643156,-0.0958273675598281
Ba4P2O,Ba2DyCl7,0.6487991441706814,0.7293712,0.5279410455177223,67.95861221233572,1.2965169977268192,5.4194,4.1229000000000005,17.31921624773407,-1.3626146179829928,-0.0968007955565257
Ba4P2O,Ba2HoCl7,0.6482280251123002,0.72668296,0.5305455765966303,68.79845174888904,1.2965169977268192,5.4559,4.1594,17.526026148831015,-1.3592738983163273,-0.0871760350050488
Ba3Zr6BeCl18,Ba3Tm(BO2)9,0.6480851664315072,0.7371623,0.5144694184686757,64.41559099666433,1.2822169977268187,5.2676,3.9854,16.467591779378182,-0.8515050471774201,-0.2241180308124654
Ba2InCuO4,Ba3B6O11F2,0.6479822831586857,0.7295283,0.525663231123452,67.51649920338099,1.3662169977268188,5.252710526336427,3.8865,16.384847293223228,-0.9821029337121212,0.0545220635533256
Ba2InCuO4,Ba3Tm(BO2)9,0.6451377858617751,0.74372894,0.4972510014719883,60.276886537818875,1.3662169977268188,5.2676,3.9014,16.467591779378182,-0.9131804563440876,-0.3108627672117701
Ba3In2O6,Ba3Tm(BO2)9,0.6433848113280992,0.723004,0.5239560381726575,68.07468694010869,1.107916997726819,5.2676,4.1597,16.467591779378182,-0.636532382328935,-0.1350818568646777
Ba2SnSe5,Ba2HoCl7,0.6422138797680212,0.71943194,0.5263867198029342,69.0090984070678,1.3426169977268192,5.4559,4.1133,17.526026148831015,-1.3552795838476568,0.0130552111443366
Ba2InBiSe5,Ba2DyCl7,0.6420756510957188,0.7218678,0.5223873833974468,67.93577088335958,1.316416997726819,5.4194,4.103,17.31921624773407,-1.4002941823460644,-0.2201803558371923
Ba2Zr6BCl17,Ba3Tb(BO2)9,0.6420118841674946,0.72374266,0.5194156699247712,67.12776025666376,1.3409169977268192,5.1728,3.8319,15.94269133886722,-0.806289501245864,-0.0233565594091704
Ba3ThSe7,Ba2DyCl7,0.641560343678554,0.71524596,0.5310318563773236,70.43771412310909,1.178416997726819,5.4194,4.241,17.31921624773407,-0.9321688988570018,0.0093845791087007
Ba2InBiSe5,Ba2CaP4(H3O8)2,0.6410095524239383,0.71752334,0.5262388615429009,69.2409891243881,1.316416997726819,5.4657,4.1493,17.581490207109955,-1.0917260000439286,0.0944014653074012
Ba3TaAs3O,Ba2HoCl7,0.6402782829804741,0.7122069,0.5323853423703518,71.10353871567617,1.3373169977268191,5.4559,4.1186,17.526026148831015,-1.3287489028333344,0.0657504977419511
Ba3Cr2O8,Ba2HoCl7,0.6395434265077478,0.71902156,0.5203261536211684,67.93548684437924,1.4032169977268192,5.4559,4.0527,17.526026148831015,-0.2374810371153843,-0.0806129247168555
Ba3Ta2Se9,Ba2HoCl7,0.6392021636161089,0.7143591,0.5264667073867919,69.71494380171836,1.5010593186159011,5.4559,3.9548,17.055464030752333,-1.290667286552828,-0.1683523819156467
Ba3Zr6BeCl18,Al2Pb3F12,0.63918690186386,0.7190202,0.519436928174016,67.7690479391436,1.2822169977268187,5.2252,3.943,16.232185176768496,-0.9587388536764708,0.0881055034237889
Ba3TaAs3O,Ba2DyCl7,0.6391205027965648,0.71312827,0.5281088092098493,70.18789354606795,1.3373169977268191,5.4194,4.0821,17.31921624773407,-1.3320896224999998,0.057396928051738
Ba3Ta2Se9,Ba2DyCl7,0.6387998861872943,0.7174416,0.5208372580021104,68.24554400783826,1.5010593186159011,5.4194,3.9183,16.854206837626574,-1.2940080062194934,-0.1792358931169128
Ba3Cr2O8,Ba2DyCl7,0.6387030937048628,0.71872693,0.5186672900549656,67.66436448148508,1.4032169977268192,5.4194,4.0162,17.31921624773407,-0.2408217567820498,-0.0904337433394751
Ba2InCuO4,Ba2CaP4(H3O8)2,0.6385368746068113,0.71569145,0.5228049411242288,68.85150284762264,1.3662169977268188,5.4657,4.0995,17.581490207109955,-0.3366020990311975,-0.1816075131113551
Ba2Na2U(S2O)2,Ba2HoCl7,0.6370614635435922,0.71348375,0.5224279730240957,69.08261745397274,1.5081917121269697,5.4559,3.9477,16.861357449145313,-0.5036551449764906,-0.0856954682473338
Ba3In2O6,Ba2YC2(O2F)3,0.6369653649984162,0.71192753,0.5245220680679781,69.68651776875048,1.107916997726819,5.263999999999999,4.1561,16.447548766982095,-0.6931767447943726,-0.0166742859892687
Ba2InBiSe5,Ba2HoCl7,0.6363087489720507,0.714389,0.5191883182814526,68.35209259275953,1.316416997726819,5.4559,4.1395,17.526026148831015,-1.396953462679399,-0.2094214277086604
Ba2Zr6BCl17,Ba2P2O7,0.6360196903920675,0.71349967,0.519799698287374,68.5883293711031,1.3409169977268192,5.1483,3.8074,15.807777426493834,-0.8982767017503321,0.011608972001891
Ba2Mn(AsO4)2,Ba2YC2(O2F)3,0.635810932081987,0.7144754,0.5178142104597131,68.08198620903494,1.498186441755564,5.263999999999999,3.7658,16.080209212820318,-0.7375411424943157,-0.0629348345637049
Ba3Zr6BeCl18,Ba3Tb(BO2)9,0.6357726544186357,0.7257039,0.5008757338039289,63.34063341807619,1.2822169977268187,5.1728,3.8906,15.94269133886722,-0.844198488521505,-0.2754845011052279
Ba2FeMoO6,Ba3B6O11F2,0.6356978696488846,0.7165931,0.5143549993394586,67.14108585561169,1.1591169977268192,5.252710526336427,4.0936,16.384847293223228,-0.7062416465454535,-0.2223470783662302
Ba3ThSe7,Ba2HoCl7,0.635461580576888,0.708877,0.5253383810877582,70.25824750864204,1.178416997726819,5.4559,4.2775,17.526026148831015,-0.9288281791903364,0.0178375219170075
Ba2Mn(AsO4)2,Ba(PO3)2,0.6354583467205738,0.7129281,0.5192536774179277,68.56398302788382,1.498186441755564,5.4349,3.9367,17.018079909020226,-0.5234260808276465,0.0641400157492315
Ba3Zr2S7,Ba2DyCl7,0.6353223987695945,0.7087645,0.5251591822200449,70.24041034898168,1.082816997726819,5.4194,4.336600000000001,17.31921624773407,-0.7210170602916661,-0.1356362127011944
Ba2Zr6BCl17,Ba2YC2(O2F)3,0.6347913013773447,0.7147368,0.5148730096412911,67.49150748032218,1.3409169977268192,5.263999999999999,3.9231,16.447548766982095,-0.8702404223672167,0.148275598378833
Ba3Zr6BeCl18,Ba3B6O11F2,0.6343664459430479,0.7128007,0.5167150328664242,68.10359616897854,1.2822169977268187,5.252710526336427,3.9705,16.384847293223228,-0.9204275245454538,0.1338622339755698
Ba3NbAs3O,Ba2DyCl7,0.634262437990736,0.708607,0.522745538183627,69.81181727721206,1.323916997726819,5.4194,4.0955,17.31921624773407,-1.3566727890416663,0.0883652789647173
Ba3Zr6BeCl18,Ba2CaP4(H3O8)2,0.6339102568943552,0.7071503,0.5240501917201409,70.25665715853249,1.2822169977268187,5.4657,4.1835,17.581490207109955,-0.2749266898645301,-0.1015656746743157
Ba4LaGe3SbSe13,Ba2HoCl7,0.6327227521632046,0.7092597,0.5179173173243629,68.81584798827134,1.4883785721190117,5.4559,3.9675,17.408975662191686,-1.4092840607741486,-0.2036798991808443
Ba3NbAs3O,Ba2HoCl7,0.6327127471877776,0.70430684,0.5253215768222119,70.88791028326357,1.323916997726819,5.4559,4.132,17.526026148831015,-1.3533320693750008,0.0964181994191675
Ba3In2O6,Ba3Tb(BO2)9,0.6326583688091548,0.70911527,0.5179729473171909,68.8461974805517,1.107916997726819,5.1728,4.0649,15.94269133886722,-0.6292258236730199,-0.1821693030578858
Ba2InCuO4,AcCl3,0.6325900607178233,0.7123161,0.5130009484463984,67.46717132291641,1.3662169977268188,5.0865,3.7203,15.469499303872531,-0.7153995097916672,-0.0369056258903851
Ba2Mn(AsO4)2,AlPO4,0.6324742218600963,0.7061538,0.5219547651080424,70.00280778979572,1.498186441755564,5.6178,4.1196,18.03944940586021,-0.6696392058474885,-0.1353529468880474
AcFeO3,Al11TlO17,0.6321128550231248,0.7013375,0.528275803491421,71.85103478796665,1.263816997726819,5.323600000000001,4.0598,16.780212773097965,-0.4435167744568944,-0.0685748066407211
Ba3Zr2S7,Ba2HoCl7,0.6317004083617931,0.702857,0.5249654797276868,71.02324836226896,1.082816997726819,5.4559,4.3731,17.526026148831015,-0.7176763406250006,-0.1261576456060918
Ba3In2O6,Ba2P2O7,0.631617170157648,0.7057236,0.5204575051432273,69.78161215484322,1.107916997726819,5.1483,4.0404,15.807777426493834,-0.7212130241774881,-0.1501831501831501
Ba2Tl2O5,Ba3Tm(BO2)9,0.6314621025290865,0.70118624,0.5268758669413077,71.61212420240511,1.0156169977268188,5.2676,4.252,16.467591779378182,-1.1736809833811237,-0.0941204139228598
Ba2FeMoO6,Al2Pb3F12,0.6304282613450225,0.7136787,0.5055525322392423,65.85944046313396,1.1591169977268192,5.2252,4.0661000000000005,16.232185176768496,-0.7445529756764704,-0.2691276653304149
Ba4LaGe3SbSe13,Ba2CaP4(H3O8)2,0.6300570157196906,0.7006213,0.5242105044491061,71.19428140042514,1.4883785721190117,5.4657,3.977300000000001,17.4640692945134,-1.1040565981386783,0.1132677947351218
Ba2Ge2Se5,Ba2B11H7O22,0.6298386958362591,0.7046905,0.5175608910923032,69.37951982421367,1.5466208727092796,5.6652,4.118499999999999,16.956706822295736,-1.1839908185689467,-0.0230909311642588
Ba3Zr2S7,Ba3Tb(BO2)9,0.629736019812618,0.7017149,0.5217676948572055,70.58443117408896,1.082816997726819,5.1728,4.09,15.94269133886722,-0.9817206766465052,0.0146699266503667
Ba3Zr6BeCl18,Ba2P2O7,0.6296245643578986,0.70936215,0.5100181423333834,67.30404644342451,1.2822169977268187,5.1483,3.8661,15.807777426493834,-0.9361856890259732,-0.2426476293939629
Ba3Zr2S7,Ba3Tm(BO2)9,0.6294958899078262,0.69885087,0.5254633748674125,71.67598172231446,1.082816997726819,5.2676,4.1848,16.467591779378182,-0.9890272353024204,0.0570158669470464
Ba2Tl2O5,Ba3Tb(BO2)9,0.6291907745896311,0.70034313,0.5224622086431909,70.90609315142225,1.0156169977268188,5.1728,4.1572,15.94269133886722,-1.1663744247252086,-0.139228326758395
Ba2Mn(AsO4)2,Ba3Tm(BO2)9,0.6279990921505093,0.70815593,0.5077637608070671,67.03858474481592,1.498186441755564,5.2676,3.7694,16.09980458457755,-0.6808967800288781,-0.193558656550114
Ba3Sb2Se7,Ba2DyCl7,0.627765388295751,0.6948038,0.5272077794017921,72.57047293218102,1.1737615750124288,5.4194,4.2456,17.31921624773407,-1.4250768693411453,0.0057471264367816
AgHg2PO4,AlH10SO9F,0.6269386696644677,0.69855255,0.5195178061296674,70.60354649982898,1.4446169977268193,5.459199999999999,4.0146,17.544680452886684,-0.218473610830626,0.0296916255666816
Ba4LaGe3SbSe13,Ba2DyCl7,0.6268644367080172,0.7009153,0.5157881315601963,69.56905945345002,1.4883785721190117,5.4194,3.931,17.203546975487537,-1.412624780440814,-0.2148562706690409
Ba2MnSe3,Ba3Tb(BO2)9,0.6266966937908445,0.6995713,0.5173847523651803,70.0586464010972,1.322916997726819,5.1728,3.8499,15.94269133886722,-1.358493404361122,0.019558949583106
Ba2Ni(PO4)2,Ba3Tm(BO2)9,0.6262903300169407,0.69659036,0.5208402343698586,71.12769633886428,1.1930169977268188,5.2676,4.0746,16.467591779378182,-0.2204753401169799,-0.0303833505129338
Ba2SiTe4,Ba2CaP4(H3O8)2,0.6262245866019825,0.7085845,0.5026846608418475,66.0026300696714,1.3583169977268197,5.4657,4.1074,17.581490207109955,-1.2589667310550052,-0.2890392949311
Ba2MnSe3,Ba2CaP4(H3O8)2,0.6261796010949978,0.6997548,0.5158167961783134,69.73638034676183,1.322916997726819,5.4657,4.1428,17.581490207109955,-0.7892216057041472,0.1743265424350681
Ba3Zr6BeCl18,AlPO4,0.6257159884524168,0.6992453,0.5154220451294934,69.73274475532236,1.2822169977268187,5.6178,4.3356,18.451546239574878,-0.8402474729960305,-0.1663437586493219
Ba2MnSe3,Ba3Tm(BO2)9,0.6253695608800559,0.6940542,0.522342577980436,71.7671711402397,1.322916997726819,5.2676,3.9447,16.467591779378182,-1.3657999630170372,0.0643648439678556
Ba(SmTe2)2,Ba(PO3)2,0.625151556822684,0.6954721,0.5196706505940023,71.06488641173289,1.051116997726819,5.4349,4.3838,17.40684437120676,-1.1858106559523771,-0.1884210046078745
Ba2InCuO4,Ba3B6H2O13,0.6250733112382704,0.7013574,0.5106470672010913,68.52976067302885,1.3662169977268188,5.0891,3.7229,15.483711135885049,-0.6571995676041675,0.0126514276504875
Ba3Cr2O8,Ba3Tm(BO2)9,0.6250556920733856,0.69841456,0.5150173392809448,69.77214389438564,1.4032169977268192,5.2676,3.8644,16.467591779378182,-0.5088319317928041,0.1199668771348722
Ba3Ta2Se9,Ba2CaP4(H3O8)2,0.6241633163243812,0.6973423,0.5143948312476977,69.80410286279239,1.5010593186159011,5.4657,3.9646,17.10943891604252,-0.9854398239173576,0.1495232810371791
Ba2Tl2O5,Ba2YC2(O2F)3,0.6239749385179724,0.6886986,0.5268893870864425,73.37762370280113,1.0156169977268188,5.263999999999999,4.2484,16.447548766982095,-1.2303253458465613,0.0217493644666227
Ba2InCuO4,AlPO4,0.623947570977772,0.7017722,0.507210593070002,67.81399719860394,1.3662169977268188,5.6178,4.2516,18.451546239574878,-0.901922882162698,-0.2448019569103396
Ba2Ge2Se5,Al2H16S3O20,0.6238005876483859,0.6953971,0.5164058059310767,70.45868180593104,1.5466208727092796,5.6055,4.0588,16.644613819892903,-0.3465273859336886,-0.1192470680989454
Ba(SmTe2)2,Ba3B6O11F2,0.6235806402618053,0.68764204,0.5274885289506024,73.6401151792045,1.051116997726819,5.252710526336427,4.2016,16.384847293223228,-1.4122038325216426,-0.0912509520182787
Ba2GdMoO6,Al2Pb3F12,0.6232466408165076,0.69166887,0.5206132701416262,71.77957300000809,1.1637169977268191,5.2252,4.0615,16.232185176768496,-0.2050825616764715,-0.1063892650498584
Ba2InSbSe5,Ba2CaP4(H3O8)2,0.6225751907795405,0.68898356,0.5229625779315172,72.60258083516258,1.0234169977268193,5.4657,4.4423,17.581490207109955,-1.1312492278217063,-0.0511671881682912
AgRh(SO4)2,Ba2DyCl7,0.6223238334299024,0.6908773,0.5194935761990387,71.68078926046707,1.4293169977268192,5.4194,3.9901,17.31921624773407,-1.4077187857777784,0.1067391794691862
Ag2PHO4,B5H4NO8,0.6221898868430336,0.6958467,0.5117046273620622,69.50157747737995,1.5818709676048333,5.7298,4.1479,16.387360888277687,-0.5980527347263573,-0.0721087779358229
Ba3Zr2S7,Ba2P2O7,0.6221095504222371,0.6899717,0.5203163330401128,71.9644663446712,1.082816997726819,5.1483,4.0655,15.807777426493834,-1.0737078771509734,0.0476448161357766
Ba(GdTe2)2,Ba3B6O11F2,0.6220883277841811,0.6859432,0.5263059953323017,73.66264405506445,1.013858253812388,5.252710526336427,4.2389,16.384847293223228,-1.3978770714502138,-0.0824978178300973
Ba2SmMoO6,Al2Pb3F12,0.6218620872682094,0.6909609,0.5182138175233599,71.4272774083377,1.1639169977268191,5.2252,4.0613,16.232185176768496,-0.2276863591764706,-0.1262403663851476
Ba(GdTe2)2,Ba(PO3)2,0.6215356138305508,0.6889757,0.520375481982192,72.11724543392704,1.013858253812388,5.4349,4.4211,17.40684437120676,-1.1714838948809485,-0.1792087941914908
Ba2Zr6BCl17,AlPO4,0.6214172145466119,0.68862414,0.5206067613611892,72.21086865215328,1.3409169977268192,5.6178,4.2769,18.451546239574878,-0.8023384857203895,0.0610488905515678
Ba3Cr2O8,Ba3Tb(BO2)9,0.6211212368933963,0.6952651,0.5099053909700629,69.2392532798228,1.4032169977268192,5.1728,3.7696,15.94269133886722,-0.5015253731368889,0.0756048387096774
Ba3Sb2Se7,Ba2HoCl7,0.6210629722283215,0.68681145,0.5224402449543106,72.81439368439744,1.1737615750124288,5.4559,4.2821,17.526026148831015,-1.4217361496744798,0.0142219938815067
Ba2MnTe3,Ba2CaP4(H3O8)2,0.6209289849645593,0.69190705,0.5144618751721327,70.58193897211385,1.0806169977268187,5.4657,4.3851,17.581490207109955,-1.1014921552093573,-0.2300289617112494
Ba(DyTe2)2,Ba3B6O11F2,0.6206344377232704,0.68533367,0.5235855309250738,73.2408686625621,1.041616997726819,5.252710526336427,4.2111,16.384847293223228,-1.428506140616884,-0.1810690793379402
Ba(TbTe2)2,Ba3B6O11F2,0.6204991815023944,0.6861821,0.5219747567011228,72.81688605667352,1.0413169977268188,5.252710526336427,4.2114,16.384847293223228,-1.420404097402599,-0.1711069952984756
Ba2As2Se5,Ba2DyCl7,0.6202163025327346,0.6841874,0.5242595634330862,73.53167295786515,1.2791169977268189,5.4194,4.1403,17.31921624773407,-1.5755506853090244,-0.0332584595319179
AgRh(SO4)2,Ba2HoCl7,0.6199929522144287,0.68543744,0.5218261745242996,72.8955193776532,1.4293169977268192,5.4559,4.0266,17.526026148831015,-1.404378066111113,0.1148363383499726
Al4InAgSe8,Ba2CaP4(H3O8)2,0.61946595693285,0.6790004,0.5301642662449362,75.38199414596738,1.4118169977268191,5.4657,4.0539000000000005,17.581490207109955,-1.568305538644292,-0.0469424504797849
Ba2InCuO4,Ba2P2O7,0.6193238444012525,0.7118388,0.4805514084503359,61.20609255796906,1.3662169977268188,5.1483,3.7821,15.807777426493834,-0.9978610981926406,-0.3325401232119721
Ba3NbAs3O,Ba2B11H7O22,0.619149314731495,0.68982846,0.513130544051867,70.62278739845263,1.323916997726819,5.6652,4.3413,18.725422882466763,-1.0568146834126977,-0.0050445719024255
Ba3TaAs3O,Ba2B11H7O22,0.6187343907182821,0.68425834,0.5204483896060308,72.80500757333826,1.3373169977268191,5.6652,4.3279,18.725422882466763,-1.0322315168710312,-0.0345433119988909
Ba3(TaS4)2,Ba3Tm(BO2)9,0.6187152895143408,0.68222725,0.523447328013872,73.66123027224569,1.000616997726819,5.2676,4.267,16.467591779378182,-1.29569626169025,-0.1881415514412936
Ba2As2Se5,Ba2HoCl7,0.618558139812979,0.6817574,0.5237592041791304,73.78747218952142,1.2791169977268189,5.4559,4.1768,17.526026148831015,-1.572209965642359,-0.0242290748898678
Ba2Tl2O5,Ba2P2O7,0.6184658765132499,0.6824887,0.5224315969485225,73.4327513588119,1.0156169977268188,5.1483,4.1327,15.807777426493834,-1.2583616252296768,-0.1077019865947201
Ba(GdTe2)2,AcCl3,0.6184444283493912,0.68545943,0.5179218587896615,72.15552924696367,1.013858253812388,5.0865,4.0727,15.469499303872531,-1.1311736475297598,-0.171606059862008
Ba(YTe2)2,Ba3B6O11F2,0.6183909096240694,0.6847597,0.5188376997708516,72.42898996578322,1.061316997726819,5.252710526336427,4.1914,16.384847293223228,-1.4195893525216443,-0.1950183709500405
Ba(SmTe2)2,AcCl3,0.6183888384266096,0.6859971,0.5169763586330905,71.89950208159138,1.051116997726819,5.0865,4.0354,15.469499303872531,-1.1455004086011886,-0.1815433414283589
Ba3Zr6BeCl18,AcCl3,0.6183590271122164,0.69091684,0.5095222537832723,69.77862783997247,1.2822169977268187,5.0865,3.8043,15.469499303872531,-0.6537241006249999,0.0479194595589202
Ba(SmTe2)2,Ba3B6H2O13,0.6182155610910881,0.68619066,0.5162528906742305,71.73459438909656,1.051116997726819,5.0891,4.038,15.483711135885049,-1.087300466413689,-0.1357602773650321
Ba(GdTe2)2,Ba3B6H2O13,0.6180078768314512,0.68497294,0.5175602643642802,72.15666450747439,1.013858253812388,5.0891,4.0753,15.483711135885049,-1.07297370534226,-0.1262483743528084
Ba2Tl2O5,Ba2CaP4(H3O8)2,0.6178825170167588,0.6824145,0.5210845098814127,73.18984649979875,1.0156169977268188,5.4657,4.4501,17.581490207109955,-0.5971026260682337,0.015303026898272
Ba2Na2U(S2O)2,Ba3Tm(BO2)9,0.6178638892792114,0.6891612,0.5109178914185487,70.29474239471524,1.5081917121269697,5.2676,3.7594,15.843063850342524,-0.7750060396539102,0.1202319519072192
Ba(HoTe2)2,Ba3B6O11F2,0.6171525841168504,0.6796528,0.5234022004435314,74.02436159872028,1.0404169977268192,5.252710526336427,4.2123,16.384847293223228,-1.4364935975216435,-0.1842461363150773
Ba(GdSe2)2,Ba3Tb(BO2)9,0.6171499317134962,0.6903463,0.5073553634796404,69.44298524246659,1.481060739031996,5.1728,3.6918,15.94269133886722,-0.8769243528965083,0.1171244379435506
Ba3(TaS4)2,Ba2CaP4(H3O8)2,0.6170223546931367,0.68104553,0.5209875585906757,73.36879078311121,1.000616997726819,5.4657,4.4651,17.581490207109955,-0.7191179043773601,-0.0749143356251819
Ba3(TaS4)2,Ba2YC2(O2F)3,0.6167663233519296,0.6787344,0.5238141608836004,74.23467740326393,1.000616997726819,5.263999999999999,4.2634,16.447548766982095,-1.3523406241556877,-0.072758830979969
AgAs3H2O9,AlH10SO9F,0.6165632645357888,0.67983013,0.521662915763567,73.67155503834142,1.091616997726819,5.459199999999999,4.3676,17.544680452886684,-0.3104726809457054,-0.1102665079219708
Ba2Ni(PO4)2,Ba3Tb(BO2)9,0.6165215430227418,0.686757,0.5111682557978974,70.684520200924,1.1930169977268188,5.1728,3.9798,15.94269133886722,-0.2131687814610647,-0.0759837177747625
Ba2Zr6BCl17,Ba2CaP4(H3O8)2,0.6164883851762609,0.6834485,0.5160481929173063,72.08824293361435,1.3409169977268192,5.4657,4.1248000000000005,17.581490207109955,-0.2370177025888891,0.135133824670287
Ba3(AlAs2)2,Ba2CaP4(H3O8)2,0.6164558886926383,0.67742765,0.5249981729788111,74.6463401450918,1.311930106189244,5.4657,4.1538,17.581490207109955,-1.6114379490311976,-0.1690981751649092
Ba3Cr2O8,Ba2P2O7,0.6161827180712338,0.6906487,0.5044837380272437,68.8461404085634,1.4032169977268192,5.1483,3.7451,15.807777426493834,-0.5935125736413571,0.1117994179060639
Ba2ThS6,Ba(PO3)2,0.6161426622162725,0.68841034,0.5077411280300381,69.79158270910246,1.5637519865247549,5.4349,3.8712,15.351861952119572,-0.9974031263095244,-0.2064476131432114
AsS(IF3)2,Ba(AlCl4)2,0.6161142408966634,0.6834925,0.515046820074224,71.89150804087102,1.426816997726819,5.3891,3.9623,17.148148571559226,-0.5051545370681731,0.1587209449057365
Ba2Mn(AsO4)2,Ba3Tb(BO2)9,0.6159290994465857,0.6946435,0.49785748751474146,66.99608429165266,1.498186441755564,5.1728,3.6746,15.58662727050496,-0.673590221372963,-0.2471561530506721
Ba(GdSe2)2,Ba3Tm(BO2)9,0.6159270967962792,0.6889056,0.5064593170887358,69.4743793238771,1.481060739031996,5.2676,3.7866,16.467591779378182,-0.8842309115524234,0.161358474621032
Ba2MnMoO6,Ba(PO3)2,0.6158455805353796,0.68990415,0.5047576617132813,69.00436771315246,1.520474388087488,5.4349,3.9144,16.422348067260046,-0.3513023656830842,-0.2721745350500715
Ba2SmMoO6,Ba3B6O11F2,0.6158398168801008,0.6842118,0.5132818414565768,71.45204875669957,1.1639169977268191,5.252710526336427,4.0888,16.384847293223228,-0.1893750300454537,-0.0803658775190764
Ba3In2O6,Al2Pb3F12,0.6158253267434243,0.6825887,0.5156802423365423,72.14173734518585,1.107916997726819,5.2252,4.1173,16.232185176768496,-0.7437661888279856,0.1648410366016564
Ba2YCoO5,Ba2P2O7,0.6157499823234085,0.6804178,0.5187482320421944,73.03633642601162,1.0272169977268188,5.1483,4.1211,15.807777426493834,-0.414448503470417,-0.1269806605032637
Ba2SnSe5,Ba2B11H7O22,0.6156851865633892,0.68434185,0.5127001349589645,71.32235704412629,1.3426169977268192,5.6652,4.3226,18.725422882466763,-1.0587621978853536,-0.0848100680146207
Ba(DyTe2)2,Ba3B6H2O13,0.615623739395876,0.68404406,0.512993179346967,71.42095873376545,1.041616997726819,5.0891,4.0475,15.483711135885049,-1.1036027745089303,-0.2291043854231006
Ba2Mn(AsO4)2,Al2Pb3F12,0.6155506640900916,0.6899919,0.5038887933467197,68.82383634854412,1.498186441755564,5.2252,3.727,15.86965555303055,-0.7881305865279287,0.1371075932385296
Ag2PHO4,BHS3O11,0.6155448406929502,0.68558687,0.510481782256248,70.71989351588408,1.5818709676048333,5.696299999999999,4.1144,16.220475914395905,-0.2106667826748516,-0.1171981333851836
Ba2Ge2Se5,B5H4NO8,0.615477204319069,0.69747436,0.4924814402963452,65.54612868169912,1.5466208727092796,5.7298,4.1831,17.295910051697355,-0.7849234983275466,-0.2935382850039444
Au2Se3O10,B5H12NO12,0.6154133619954671,0.6785567,0.5206983392662022,73.6739327686467,1.214816997726819,5.5022,4.2874,17.789162841996657,-0.9261251017256932,0.0643280309744834
Ba2Ni(PO4)2,Ba2P2O7,0.6152607594992887,0.68431455,0.5116800454919962,71.13122345589936,1.1930169977268188,5.1483,3.9553,15.807777426493834,-0.3051559819655329,-0.0426516319874598
Ba2YCoO5,Ba3Tm(BO2)9,0.6152063665432801,0.6806462,0.5170466148960268,72.68087997914512,1.0272169977268188,5.2676,4.2404,16.467591779378182,-0.329767861621864,-0.1128195453259126
Ba2Ni(PO4)2,Ba2YC2(O2F)3,0.6151484993341869,0.6798545,0.5180894204088315,72.99287764635791,1.1930169977268188,5.263999999999999,4.071,16.447548766982095,-0.2771197025824174,0.0905919921395234
Ba3Zr6BeCl18,Ba3B6H2O13,0.6150620563867439,0.6889472,0.5042342801994953,69.03858742011823,1.2822169977268187,5.0891,3.8069,15.483711135885049,-0.5955241584375002,0.0963250939084294
Ba(TmTe2)2,Ba3B6O11F2,0.6148575631591868,0.67757565,0.5207804063492,73.8316102405754,1.039516997726819,5.252710526336427,4.2132,16.384847293223228,-1.4518530068073563,-0.2110035127693914
Ba2Mn(AsO4)2,Ba2CaP4(H3O8)2,0.6146113356213508,0.6790275,0.5179870327961292,73.09298076835815,1.498186441755564,5.4657,3.9675,17.18882520482436,-0.1043184227159881,-0.06586011342155
AgHg2AsO4,Ba(AlCl4)2,0.6145424284908425,0.67495716,0.5239202922516196,74.80361914770603,0.9995169977268192,5.3891,4.3896,17.148148571559226,-1.2411205412973452,-0.0676599234554401
Ba(GdTe2)2,Al2Pb3F12,0.6142946928221567,0.6756617,0.5222441627280371,74.38571305230978,1.013858253812388,5.2252,4.211399999999999,16.232185176768496,-1.4361884005812309,-0.1267511991261813
Ba3In2O6,Ba(PO3)2,0.6142016109515205,0.67835903,0.5179654202582872,73.18560008374682,1.107916997726819,5.4349,4.327,17.40684437120676,-0.4790616831277035,0.0971111624682228
Ba2Mn(AsO4)2,Ba2P2O7,0.6141347861305966,0.6898442,0.5005706042091286,68.20039743874877,1.498186441755564,5.1483,3.6501,15.45472652545052,-0.7655774218774312,-0.2121859675077395
Ba(ErTe2)2,Ba3B6O11F2,0.6140242666001254,0.6742894,0.5236265435802774,74.84583757304628,1.0403169977268183,5.252710526336427,4.212400000000001,16.384847293223228,-1.4395209325216465,-0.2034944449719875
Ba(YTe2)2,Ba3B6H2O13,0.6138901208516039,0.68325466,0.5098432537605558,70.93090122192565,1.061316997726819,5.0891,4.0278,15.483711135885049,-1.0946859864136906,-0.243855206316103
Ba(HoTe2)2,Ba3B6H2O13,0.613862819045138,0.6799644,0.5147103383375993,72.33488307191556,1.0404169977268192,5.0891,4.0487,15.483711135885049,-1.1115902314136898,-0.2323955837676291
Ba3Bi6PbSe13,Ba2CaP4(H3O8)2,0.6136246628450668,0.67283994,0.5248016881166191,75.27837241920146,1.063916997726819,5.4657,4.4018,17.581490207109955,-1.434319715931106,-0.0961424871643418
AcFeO3,Al2SiO5,0.6136005714226784,0.68204594,0.5109324789765036,71.3132349460814,1.263816997726819,5.4454,4.1816,17.46643533343425,-0.6053303979374993,0.2132198201645303
Ba2GdMoO6,Ba3B6O11F2,0.6133952044663487,0.6766358,0.5185342339718485,73.54325107067592,1.1637169977268191,5.252710526336427,4.089,16.384847293223228,-0.1667712325454546,-0.0606505258009292
Ba4P2O,Ba2CaP4(H3O8)2,0.6132715046500149,0.6839919,0.5071908235785818,70.31503553417535,1.2965169977268192,5.4657,4.1692,17.581490207109955,-1.054046435680857,0.2149093351242444
Ba(SmTe2)2,Al2Pb3F12,0.6132685496071798,0.67359036,0.5227857713053183,74.78976944467139,1.051116997726819,5.2252,4.1741,16.232185176768496,-1.4505151616526597,-0.1359574519058
Ba2YCoO5,Ba2YC2(O2F)3,0.6128365192631163,0.67606354,0.5179959768601452,73.52434132074457,1.0272169977268188,5.263999999999999,4.236800000000001,16.447548766982095,-0.3864122240873016,0.003351586102719
Ba2Tl2O5,Ba2HoCl7,0.6127605283141144,0.68695885,0.5014630019366763,68.78282786872761,1.0156169977268188,5.4559,4.4403,17.526026148831015,-0.902330088703704,-0.268112514920163
Ba2Na2U(S2O)2,AlPO4,0.6125788456781921,0.67886263,0.5131530927082442,72.19675289977127,1.5081917121269697,5.6178,4.1096,17.75177749895441,-0.7637484654725206,0.151839595094413
Ba2MnMoO6,Ba3B6O11F2,0.6124871436993746,0.6823838,0.5076421211760411,70.63229380266228,1.520474388087488,5.252710526336427,3.7323,15.458153100013108,-0.5776955422523495,-0.1668408220132358
AgRh(SO4)2,Al2H16S3O20,0.6124845596092279,0.67625827,0.5168239404602188,73.27353896448241,1.4293169977268192,5.6055,4.1762,18.38077615890793,-0.2703972475135516,-0.0830419999042191
Ba(TbTe2)2,Ba(PO3)2,0.612200923291678,0.68267226,0.5064938404357302,70.36941746543732,1.0413169977268188,5.4349,4.3936,17.40684437120676,-1.194010920833334,-0.2647487254187909
Ba2SiTe4,Ba(PO3)2,0.6121237045961215,0.6701134,0.5251391397013252,75.74165424296723,1.3583169977268197,5.4349,4.0766,17.40684437120676,-1.6780743891666636,-0.1651866751704852
Ba2YCoO5,Ba3Tb(BO2)9,0.6120560870273208,0.6780318,0.5130924546975134,72.30526596567617,1.0272169977268188,5.1728,4.1456,15.94269133886722,-0.3224613029659489,-0.1584812813585488
AgRh(SO4)2,Ba2B11H7O22,0.6120507914160956,0.6781908,0.5128407225845429,72.23413522647644,1.4293169977268192,5.6652,4.2359,18.725422882466763,-1.1078606801488098,0.0099388559692154
Ba3In2O6,Ba3B6O11F2,0.6119957559247677,0.679412,0.5108713341106635,71.68057934559864,1.107916997726819,5.252710526336427,4.1448,16.384847293223228,-0.7054548596969688,0.2081644470179502
Ba2Tl2O5,Ba2DyCl7,0.6118413960928712,0.6820571,0.5065178513514483,70.46223569427326,1.0156169977268188,5.4194,4.4038,17.31921624773407,-0.9056708083703696,-0.2786230074026976
Ba(TbTe2)2,Ba3B6H2O13,0.6114604728031187,0.6793245,0.5096644055366587,71.46144925558455,1.0413169977268188,5.0891,4.0478000000000005,15.483711135885049,-1.0955007312946456,-0.2187361035624289
Ba3(TaS4)2,Ba3Tb(BO2)9,0.6113991327172837,0.6750989,0.5158494132474865,73.25669274828729,1.000616997726819,5.1728,4.1722,15.94269133886722,-1.288389703034335,-0.235223623028618
Ba(TbTe2)2,Al2Pb3F12,0.6112316454912772,0.67174965,0.5204546216789757,74.61927738972737,1.0413169977268188,5.2252,4.1839,16.232185176768496,-1.4587154265336162,-0.2162336575921986
Ba3Ta2Se9,Ba2B11H7O22,0.6110873120984639,0.68527925,0.4997993752263995,68.69745670074224,1.5010593186159011,5.6652,4.1641,18.222657761687785,-0.9941499005905248,-0.2608246679954852
Ba2MnSe3,Ba2B11H7O22,0.6110283278634282,0.6825604,0.5037302134459545,69.85052883815207,1.322916997726819,5.6652,4.3423,18.725422882466763,-0.7979316823773144,-0.2203210280266218
Ba3(TaS4)2,Ba(PO3)2,0.6105631213304565,0.6696961,0.5218636048131104,75.1867257489939,1.000616997726819,5.4349,4.4343,17.40684437120676,-1.1382255624890183,0.0404347924136842
Ba(TmTe2)2,Ba3B6H2O13,0.610397676381654,0.6779238,0.5091084782113294,71.55674303839818,1.039516997726819,5.0891,4.0496,15.483711135885049,-1.1269496406994026,-0.2602232319241406
Ba(HoTe2)2,Ba(PO3)2,0.6102407007199926,0.6776196,0.5091723126129317,71.61300723522086,1.0404169977268192,5.4349,4.3945,17.40684437120676,-1.2101004209523782,-0.2773239276368187
Ba2FeMoO6,Ba3Si2(B3O8)2,0.6102123963070375,0.6722697,0.5171264229298785,73.91226088911499,1.1591169977268192,5.4031,4.244,17.227122381477397,-0.6507911577407404,0.167813383600377
Ba(TbTe2)2,AcCl3,0.6100550653367288,0.6779727,0.5081786368859428,71.37059397521355,1.0413169977268188,5.0865,4.0452,15.469499303872531,-1.1537006734821451,-0.2644615840996737
Ba4P2O,Ba2B11H7O22,0.6100412095481867,0.6779147,0.5082309456901538,71.38905547159942,1.2965169977268192,5.6652,4.3687000000000005,18.725422882466763,-1.062756512354024,-0.1792066289742944
AgHg2PO4,AlH11SO10,0.6099748389522103,0.6710778,0.5183203708628483,74.31349361172089,1.4446169977268193,5.3941,3.949500000000001,17.176424784435866,-0.1233489268064162,-0.0947714900620331
Ba(DyTe2)2,Ba(PO3)2,0.6099419741471922,0.6806659,0.5038560551008372,70.14663124601832,1.041616997726819,5.4349,4.3933,17.40684437120676,-1.2021129640476187,-0.2743040539002572
AlHg2SbCl4,B5H12NO12,0.6096064571963863,0.668792,0.5208280991581867,75.12417466101024,1.092616997726819,5.5022,4.409599999999999,17.789162841996657,-0.568949293142359,0.0689404934687953
Ba(ErTe2)2,Ba(PO3)2,0.6095497302749808,0.6808931,0.5025345813579994,69.85729823419288,1.0403169977268183,5.4349,4.3946000000000005,17.40684437120676,-1.213127755952381,-0.2957720839211759
Ba2MnTe3,Ba3B6H2O13,0.6093963759996058,0.67125124,0.5166140392068928,73.96384906068876,1.0806169977268187,5.0891,4.0085,15.483711135885049,-1.4220896237823273,-0.0541599101908444
Ba3NbAs3O,AlH10SO9F,0.6093317716635535,0.6937504,0.4827037824484878,64.12157727958699,1.323916997726819,5.459199999999999,4.1353,17.544680452886684,-0.213043091931818,-0.3325272652528232
Ba2FeMoO6,Ba(PO3)2,0.6091806309746466,0.685212,0.49513347877233277,67.79272879709377,1.1591169977268192,5.4349,4.2758,17.40684437120676,-0.4798484699761882,-0.3163852378502267
Ba3(TaS4)2,Ba2P2O7,0.6090382568666758,0.6691331,0.5188958924585139,74.70815411915206,1.000616997726819,5.1483,4.1477,15.807777426493834,-1.3803769035388032,-0.2043783301588832
Ba(YTe2)2,Ba(PO3)2,0.6089836233885308,0.678065,0.505361525722151,70.81297871866927,1.061316997726819,5.4349,4.3736,17.40684437120676,-1.193196175952379,-0.2880921895006402
Ba(TmTe2)2,Ba(PO3)2,0.6086174613320313,0.67839533,0.5039505824654008,70.4917577051363,1.039516997726819,5.4349,4.3954,17.40684437120676,-1.225459830238091,-0.3029530873185603
Ba2V3HO9,Ba2P2O7,0.6085213166456112,0.6662028,0.5219990864348135,75.72740781035367,0.9943169977268193,5.1483,4.154,15.807777426493834,-0.505882327942639,0.0315840154068367
Ba(ErTe2)2,Ba3B6H2O13,0.608301244560017,0.67660475,0.5058459748405562,71.11782002139628,1.0403169977268183,5.0891,4.0488,15.483711135885049,-1.1146175664136926,-0.2524204702627939
Ba(YTe2)2,Al2Pb3F12,0.6082926495862001,0.67202157,0.5126992126286014,73.10381351927147,1.061316997726819,5.2252,4.1639,16.232185176768496,-1.4579006816526612,-0.2405197050841759
Ba(GdSe2)2,Ba2P2O7,0.6082236059631606,0.68131953,0.49857963823420304,69.02448942687583,1.481060739031996,5.1483,3.6673,15.807777426493834,-0.9689115534009765,0.1543642461756605
Ba3UFe2O9,Ba3Si2(B3O8)2,0.6081108077597313,0.66842204,0.5176438948094082,74.57508159260357,1.0506169977268185,5.4031,4.3525,17.227122381477397,-0.2638575747407423,-0.1827685238368753
Ba2SnSe5,Al2H16S3O20,0.6079568084523447,0.6724243,0.5112555167191644,72.76817680309176,1.3426169977268192,5.6055,4.2629,18.38077615890793,-0.2212987652500955,-0.1772267705083393
Ba3Zr2S7,Ba2YC2(O2F)3,0.6078112070877935,0.6686099,0.5166131121713878,74.35135814434648,1.082816997726819,5.263999999999999,4.1812000000000005,16.447548766982095,-1.045671597767858,0.1748780254472399
Ba3SrEr2(MoO6)2,Al2Pb3F12,0.6075815543193704,0.67179966,0.5112543664025978,72.8591780628373,1.2443169977268191,5.2252,3.9809,16.232185176768496,-0.1584960501764705,-0.1844055364364842
Ba2Tl2O5,Ba(PO3)2,0.6075279717607108,0.6685616,0.5159775180028894,74.23739573728147,1.0156169977268188,5.4349,4.4193,17.40684437120676,-1.016210284179892,0.1316724368112596
Ba2Re6S11,AlHSO5,0.6075173969940142,0.6799841,0.4988172789106259,69.2625376653002,1.592859980406364,5.6943,4.1014,15.944792230857402,-1.091185100074017,-0.2449895157751012
Ba2Mn(AsO4)2,Ba3B6O11F2,0.6075100878718411,0.6765337,0.5039746264226523,70.76529340934528,1.498186441755564,5.252710526336427,3.7545,16.01890811377638,-0.7498192573969118,0.1851378345984818
Ba2Na2U(S2O)2,Ba3Tb(BO2)9,0.6072604809427067,0.6769565,0.5027164156794061,70.4595976544613,1.5081917121269697,5.1728,3.6646,15.338070084071123,-0.7676994809979951,0.0746056868416744
Ba2Na2U(S2O)2,Ba2B11H7O22,0.6067341601060501,0.6747219,0.5047524807867088,71.17878622657092,1.5081917121269697,5.6652,4.157,18.01526746145684,-0.2071377590141874,-0.1824873707000241
AgRh(SO4)2,AlH10SO9F,0.6063761802443801,0.68430173,0.4894878198526649,66.80598945808936,1.4293169977268192,5.459199999999999,4.0299,17.544680452886684,-0.2640890886679301,-0.3253430606218517
Ba3(TaS4)2,AcCl3,0.605956470843549,0.6668887,0.5145580467492228,74.21285966167368,1.000616997726819,5.0865,4.0859000000000005,15.469499303872531,-1.0979153151378298,0.0667417215301402
Ba2MnSe3,Ba2P2O7,0.6057692480932904,0.66669405,0.5143819781271698,74.20791482537022,1.322916997726819,5.1483,3.8254,15.807777426493834,-1.4504806048655905,0.0546348094316933
Ba(DyTe2)2,Al2Pb3F12,0.6057026802534884,0.6668949,0.513914257048325,74.08884355099448,1.041616997726819,5.2252,4.1836,16.232185176768496,-1.4668174697479008,-0.226264461229563
Ba(GdTe2)2,Ba2YC2(O2F)3,0.6053074539132886,0.67424285,0.5019043238033782,70.69439377145055,1.013858253812388,5.263999999999999,4.2502,16.447548766982095,-1.3855989565476177,-0.3015858077266952
Ba3SrEr2(MoO6)2,Ba3B6O11F2,0.6052615744805705,0.6659541,0.5142227070868937,74.2866656358021,1.2443169977268191,5.252710526336427,4.0084,16.384847293223228,-0.1201847210454536,-0.1372118551042809
Ba(LuTe2)2,Ba3Si2(B3O8)2,0.6051879720850732,0.66334295,0.5179554713179535,75.38513919076745,1.3820169977268193,5.4031,4.021100000000001,17.227122381477397,-1.4141125189550268,0.1335704160553082
Ba2MnTe3,Ba(PO3)2,0.6049604936470403,0.6574561,0.5262170543347332,77.82512086666425,1.0806169977268187,5.4349,4.3543,17.40684437120676,-1.5205998133210157,-0.1136577635900144
Ba(DyTe2)2,AcCl3,0.6049508302832687,0.6743976,0.5007806791427345,70.45266858301622,1.041616997726819,5.0865,4.0449,15.469499303872531,-1.16180271669643,-0.2748399218769314
Ba3TaAs3O,Al2H16S3O20,0.604906524159415,0.66524917,0.5143925421881266,74.42331425377837,1.3373169977268191,5.6055,4.2682,18.38077615890793,-0.194768084235773,-0.1261421676584977
Ba3NbAs3O,Al2H16S3O20,0.6048877208708923,0.6674747,0.5110072268245618,73.44592930511735,1.323916997726819,5.6055,4.2816,18.38077615890793,-0.2193512507774395,-0.0959454409566517
Ba(LuTe2)2,Ba3B6O11F2,0.6048272544091281,0.67644954,0.49739375560118176,69.49238748266409,1.3820169977268193,5.252710526336427,3.8707,16.384847293223228,-1.46956300775974,-0.2803885602087478
Ba(YTe2)2,AcCl3,0.6047945839258572,0.67440873,0.5003732994428625,70.37145113381456,1.061316997726819,5.0865,4.0252,15.469499303872531,-1.1528859286011903,-0.2898241081188512
Ba(SmTe2)2,Ba2CaP4(H3O8)2,0.6046549077095038,0.67997843,0.4916695493612305,67.8557238721134,1.051116997726819,5.4657,4.4146,17.581490207109955,-0.7667029978407189,-0.3034929551941286
Ba2As2Se5,Ba2B11H7O22,0.6046301687809368,0.66865176,0.5085977080098143,72.80881308253238,1.2791169977268189,5.6652,4.3861,18.725422882466763,-1.2756925796800558,-0.1188983379311917
Al(SeCl)4,B5H12NO12,0.6042837947238483,0.6661196,0.5115300788554048,73.74609739436724,1.3592169977268191,5.5022,4.143000000000001,17.789162841996657,-0.8002668490972153,0.2003861935795317
Ba(HoTe2)2,Al2Pb3F12,0.6042008917707955,0.66288495,0.5161747885691014,75.11404092766344,1.0404169977268192,5.2252,4.1848,16.232185176768496,-1.4748049266526604,-0.2294494360542916
Ba2Zr6BCl17,Ba(PO3)2,0.6040608214584342,0.6776087,0.49373893123054285,68.60542714792602,1.3409169977268192,5.4349,4.093999999999999,17.40684437120676,-0.6561253607005475,0.2616511968734733
Ba3ThSe7,Ba3Tm(BO2)9,0.6040377887563693,0.66859627,0.5072000554394689,72.54690985429194,1.178416997726819,5.2676,4.0892,16.467591779378182,-1.200179073867756,0.2119240927320747
Ba3ThSe7,Ba3Tb(BO2)9,0.603547215441101,0.6675433,0.5075530707320403,72.76985507207661,1.178416997726819,5.1728,3.9944,15.94269133886722,-1.192872515211841,0.1722411375926297
AgAs3H2O9,AlH11SO10,0.6034898850365926,0.6674963,0.5074801527074102,72.7626596605653,1.091616997726819,5.3941,4.3025,17.176424784435866,-0.2153479969214957,-0.2266356769320162
Ba(GdSe2)2,Ba2B11H7O22,0.6033595184203592,0.6665697,0.5085442164829886,73.1046514276831,1.481060739031996,5.6652,4.184200000000001,18.725422882466763,-0.3163626309127005,-0.1433009894364514
Ba2V3HO9,Ba3Tb(BO2)9,0.6030049546715411,0.6585716,0.5196549555055282,76.41936609702262,0.9943169977268193,5.1728,4.1785,15.94269133886722,-0.4138951274381708,-0.0005983008256551
Ba(SmTe2)2,Ba2YC2(O2F)3,0.6029613628897221,0.67255527,0.49857043100226717,70.2875896268207,1.051116997726819,5.263999999999999,4.2129,16.447548766982095,-1.3999257176190465,-0.3122552161219112
Ba(HoTe2)2,AcCl3,0.6029602884986003,0.67138547,0.5003225057666498,70.80109289104941,1.0404169977268192,5.0865,4.0461,15.469499303872531,-1.1697901736011895,-0.278119670794098
Ba2As2Se5,Al2H16S3O20,0.6029228951638759,0.66486245,0.510013497398749,73.63994788340685,1.2791169977268189,5.6055,4.3264,18.38077615890793,-0.4382291470447976,-0.2104289940828402
Ba2InBiSe5,Ba3Tm(BO2)9,0.6026411788194973,0.6553207,0.5236218463702993,77.65813820639411,1.316416997726819,5.2676,3.9512,16.467591779378182,-1.6683043573568186,-0.0193865154889653
Ba2MnSe3,Ba2YC2(O2F)3,0.6024822903381026,0.66587895,0.5073872240151555,72.98281824955986,1.322916997726819,5.263999999999999,3.9411,16.447548766982095,-1.4224443254824748,0.1894141229605947
Ba3Ta2Se9,Ba3Tm(BO2)9,0.6022777006005062,0.6625628,0.5118500553008947,74.33394344219498,1.5010593186159011,5.2676,3.7665,16.025447918496397,-1.5620181812302476,0.0330545599362803
Ba(SbSe2)2,Ba2CaP4(H3O8)2,0.6019094992786358,0.6630853,0.5101457509174224,73.9284886505477,1.2519169977268187,5.4657,4.2138,17.581490207109955,-1.4961079906681014,-0.253168161754236
Ba(GdTe2)2,Ba2CaP4(H3O8)2,0.6018668489028876,0.67512286,0.4919827919130187,68.61636899167804,1.013858253812388,5.4657,4.4519,17.581490207109955,-0.7523762367692901,-0.293380354455401
Ba(GdSe2)2,AlPO4,0.6016501278823984,0.664553,0.5072958248720497,73.1608446059981,1.481060739031996,5.6178,4.1368,18.451546239574878,-0.8729733373710338,0.1892767356410752
Ba3Sb2Se7,Ba2B11H7O22,0.601365329016198,0.6592386,0.5145554274046156,75.34777840827573,1.1737615750124288,5.6652,4.4914,18.725422882466763,-1.1252187637121769,-0.0800195929999554
Ba2V3HO9,Ba3Tm(BO2)9,0.6011061226516426,0.6568441,0.5174991128815861,76.26844222071882,0.9943169977268193,5.2676,4.2733,16.467591779378182,-0.4212016860940859,0.0412093698078768
Ba3UAgS6,Ba3B6O11F2,0.6010691575606212,0.65473485,0.5205705892045163,77.16946484581705,0.8985169977268191,5.252710526336427,4.3542,16.384847293223228,-1.303812083484849,-0.1022920398695512
Ba2FeMoO6,Ba3B6H2O13,0.6010582976457174,0.66868234,0.49962220910109456,71.05889413881998,1.1591169977268192,5.0891,3.93,15.483711135885049,-0.3813382804374998,-0.2735368956743003
Ba2Ge2Se5,BPH4NO4F,0.6010066704465746,0.6638937,0.5066760968451199,73.13827791009994,1.5466208727092796,5.822624664282443,4.276,17.78693397585313,-0.5036397223487104,-0.0776426566884938
Ba(ErTe2)2,Al2Pb3F12,0.6005805276331078,0.6591234,0.5127661284051265,75.02199888717303,1.0403169977268183,5.2252,4.184900000000001,16.232185176768496,-1.4778322616526631,-0.2488231498960548
Ag2P2PdO7,AlH10SO9F,0.600293544003736,0.6602805,0.5103130565816439,74.37753437663477,1.4222169977268189,5.459199999999999,4.037,17.544680452886684,0.0589767759947694,-0.1248451820658905
Ba3(TaS4)2,Ba3B6H2O13,0.6000753156810981,0.66039294,0.5095988046303345,74.22304283762446,1.000616997726819,5.0891,4.0885,15.483711135885049,-1.03971537295033,0.1118013941543353
Ba2InBiSe5,Ba3Tb(BO2)9,0.6000027861533949,0.6555014,0.5167548125829272,76.32827905647913,1.316416997726819,5.1728,3.8564,15.94269133886722,-1.6609977987009037,-0.0661757079141168
Ba2B4Se13,Al2H16S3O20,0.5998578436729347,0.68102264,0.4781106282167223,64.98901020575893,1.587415085264163,5.6055,4.0181,15.639075079343684,-0.8567450443163654,-0.3284388143649984
Ag15P4S16Cl3,Ba(ClO4)2,0.5996941887239123,0.65718395,0.5134595093378188,75.44522454097851,1.481216997726819,5.4454,3.9642,14.536388917989578,-0.6287455891763508,0.0149841077644922
Ba(ErTe2)2,AcCl3,0.5996611638781186,0.66923136,0.49530586200871973,70.12968059537133,1.0403169977268183,5.0865,4.0462,15.469499303872531,-1.1728175086011925,-0.2981562947951164
Ba(TmTe2)2,AcCl3,0.599614688082249,0.6697256,0.49444826524384594,69.88811768417192,1.039516997726819,5.0865,4.047,15.469499303872531,-1.1851495828869023,-0.3059550284161106
Ba3In2O6,Ba2HoCl7,0.599571900087511,0.66953945,0.4946205430177735,69.94933524770184,1.107916997726819,5.4559,4.348,17.526026148831015,-0.3651814876515153,-0.3109935602575897
Ba4LaGe3SbSe13,Ba2B11H7O22,0.5995274659223637,0.66960394,0.49441267456295107,69.89883709659152,1.4883785721190117,5.6652,4.1768,18.600362024842397,-1.1127666748118454,-0.2941007469833365
Ba3In2O6,AlPO4,0.5993346179945989,0.65812147,0.5111542854268658,74.86184401747389,1.107916997726819,5.6178,4.5099,18.451546239574878,-0.6252748081475454,-0.0864542451052129
Ba(TmTe2)2,Al2Pb3F12,0.5992049397204122,0.6565358,0.5132086130911611,75.49427224390396,1.039516997726819,5.2252,4.1857,16.232185176768496,-1.4901643359383732,-0.2563728886446711
Ba3ThSe7,Ba2B11H7O22,0.5991858700512971,0.66153115,0.5056678900120471,73.2927709944248,1.178416997726819,5.6652,4.486800000000001,18.725422882466763,-0.6323107932280332,-0.0766693411785682
Ba3UFe2O9,Ba2Nd2Si4O13,0.5991375681541389,0.65726906,0.5119402549619538,75.1406692173908,1.0506169977268185,5.046200000000001,3.9956,15.250101667344447,-0.6245637559047634,-0.1550705776353989
Ba2Cu2O5,Ba(AlCl4)2,0.5989964248256767,0.6604457,0.5068224523258418,73.67815804470051,1.025516997726819,5.3891,4.3636,17.148148571559226,-0.3693470454292924,-0.2612521771014758
Ba3Cr2O8,Ba2YC2(O2F)3,0.5985863893588551,0.6695444,0.4921493156155367,69.45923336415805,1.4032169977268192,5.263999999999999,3.8608,16.447548766982095,-0.5654762942582416,0.2476688769167012
Ba2MnMoO6,Al2Pb3F12,0.5984494035772296,0.6630748,0.5015113068947724,72.25392184075328,1.520474388087488,5.2252,3.7047,15.314125247540824,-0.6160068713833664,-0.2178044106135448
AgHg2AsO4,AlH3NCl3,0.5981648009783338,0.6535851,0.5150343581453738,76.28813724997312,0.9995169977268192,5.1434,4.1439,15.781001777992866,-0.2337924897916639,-0.0423031443808972
Ba3In2O6,Ba2DyCl7,0.5981222015628145,0.6690709,0.4916991099737401,69.43894344836262,1.107916997726819,5.4194,4.3115,17.31921624773407,-0.3685222073181808,-0.3220920793227415
Ba3UAgS6,AcCl3,0.5979386452674779,0.6547965,0.51265184676645,75.64866367629764,0.8985169977268191,5.0865,4.188,15.469499303872531,-1.037108659564395,-0.1897325692454632
Ba2MnSe3,AlPO4,0.5979184564026734,0.65518504,0.5120185156843416,75.46845587255426,1.322916997726819,5.6178,4.2949,18.451546239574878,-1.3545423888356476,0.099164124892314
AgBi(PSe3)2,Al2H16S3O20,0.5976303660827638,0.67594033,0.48016536830806744,66.13199537671306,1.5618706393749548,5.6055,4.0437,16.25761270479248,-1.267216999400951,-0.3416425550856888
Ba2B4Se13,BPH4NO4F,0.5975868531190783,0.66847515,0.49125436150119467,69.4375649423411,1.587415085264163,5.822624664282443,4.2352,16.712385092842364,-1.013857380731387,-0.2757366830374008
Ba2Mn3(SeO3)6,Ba2DyCl7,0.5971254626540029,0.6684965,0.4900688478419394,69.19851890469342,1.241516997726819,5.4194,4.1779,17.31921624773407,-1.0307587886199212,0.2891165418032982
Ba3UAgS6,Ba3B6H2O13,0.5970287168992789,0.6529993,0.5130727949175319,76.00037086050301,0.8985169977268191,5.0891,4.1906,15.483711135885049,-0.9789087173768952,-0.1456116069297952
Ba2MnTe3,AcCl3,0.5969451347909921,0.65257025,0.5135074207987769,76.14861674928632,1.0806169977268187,5.0865,4.0059000000000005,15.469499303872531,-1.480289565969827,-0.1002271649317256
Ba2Tl2O5,AcCl3,0.5968711946595492,0.65665215,0.5071996833356177,74.31761250082826,1.0156169977268188,5.0865,4.0709,15.469499303872531,-0.9759000368287034,0.1658846938023533
Ba2ThS6,Ba2CaP4(H3O8)2,0.5968111875144232,0.6816343,0.4695764488199325,63.159159687715594,1.5637519865247549,5.4657,3.902,15.505889799219378,-0.578295468197866,-0.3364941055868785
Ba3(TaS4)2,Al2Pb3F12,0.596590084310951,0.65040183,0.5158724200640671,76.93005559813996,1.000616997726819,5.2252,4.2246,16.232185176768496,-1.4029300681893009,0.1036311130047815
Ag15P4S16Cl3,Al2H16S3O20,0.5964222310613392,0.6647255,0.49396732415527067,70.52572393077803,1.481216997726819,5.6055,4.1243,18.38077615890793,-1.2511448376242442,-0.3031544746987367
Ba2InCuO4,Ba3ZnB5PO14,0.5962758174177861,0.6667226,0.49060563510578264,69.56490718894088,1.3662169977268188,4.8405000000000005,3.4743,15.63042719367385,-0.792039779394841,-0.1228161068416659
Ba(TmSe2)2,Al(PO3)3,0.5962101909239861,0.6649422,0.4931121549804439,70.32435507055398,1.634587481610209,5.8176,4.183,15.56399628665943,-0.6115927173145583,-0.2360028687544824
Ba3Ta2Se9,AlPO4,0.596140249449669,0.6483144,0.5178789394067195,77.63055734258838,1.5010593186159011,5.6178,4.1167,17.956134524073118,-1.550760607048858,0.0720237083100541
Ba4GeAs4,Al2H16S3O20,0.5958846431333298,0.6546207,0.5077805174784049,74.7350249707246,1.078816997726819,5.6055,4.5267,18.38077615890793,-0.7630398030691051,-0.1779000154638036
Ba3Zr2S7,Ba2CaP4(H3O8)2,0.5956695122237174,0.65350676,0.5089136319148464,75.12205989527232,1.082816997726819,5.4657,4.3829,17.581490207109955,-0.4124488779895303,0.1612859065915261
Ba(ErSe2)2,Al(PO3)3,0.5956250299714972,0.66435987,0.4925227586684052,70.29307813832547,1.6213687348322552,5.8176,4.1962,15.866986571828296,-0.604249828028848,-0.23621371717268
Ba4GeP4,Ba2CaP4(H3O8)2,0.5953968100446525,0.642945,0.5240744930252589,79.62836094331946,1.2698169977268188,5.4657,4.1959,17.581490207109955,-1.6445980086343723,0.0075073285826641
Ba3(NaSb2)2,Ba2CaP4(H3O8)2,0.595372429562067,0.6493152,0.5144582467090464,76.82419467976878,1.194216997726819,5.4657,4.2715,17.581490207109955,-1.6730711856691285,-0.1803815989699169
Ba2InBiSe5,Ba2B11H7O22,0.595162887944302,0.66387296,0.4920977095105276,70.2803448804638,1.316416997726819,5.6652,4.3488,18.725422882466763,-1.1004360767170958,-0.2959896983075791
Ba3UAgS6,Al2Pb3F12,0.594937455864307,0.6473648,0.5162964319476405,77.47310639872185,0.8985169977268191,5.2252,4.3267,16.232185176768496,-1.342123412615866,-0.1454919453625164
Ba3Cr2O8,AlPO4,0.5949260194391498,0.65170795,0.5097530532107971,75.55580531992831,1.4032169977268192,5.6178,4.2146,18.451546239574878,-0.4975743576114144,0.1508090922032933
Ag2PHO4,Ba2B11H7O22,0.5949161956078983,0.6579733,0.5003304802793206,72.78040297807974,1.5818709676048333,5.6652,4.0833,16.065975906622555,-0.9971200549677576,0.2041730952905738
AgHg2AsO4,B5H12NO12,0.5948522484748573,0.65162647,0.5096908898276614,75.5561084217847,0.9995169977268192,5.5022,4.5027,17.789162841996657,-0.777731739340277,-0.2038554644990783
Ba2GdMoO6,Ba2YC2(O2F)3,0.5947930561523873,0.6640461,0.490913402791132,70.0192596873586,1.1637169977268191,5.263999999999999,4.1003,16.447548766982095,-0.1544931176428585,-0.2878082091554277
Ba3(TaS4)2,Ba3ZnB5PO14,0.5947293792488304,0.6542797,0.5054038401251355,74.32474249252603,1.000616997726819,4.8405000000000005,3.8399,15.63042719367385,-1.1745555847410036,-0.0043490715904059
Ba3NaRuO6,Ba3Tm(BO2)9,0.5946967080714085,0.64871985,0.5136619695727473,76.76187364935511,0.7866169977268193,5.2676,4.481,16.467591779378182,-0.6930102729611183,0.0224949787993751
Ba3UAgS6,Ba(PO3)2,0.5946196773682957,0.65080416,0.510342905679078,75.80646582106928,0.8985169977268191,5.4349,4.5364,17.40684437120676,-1.0774189069155835,-0.1957499338682655
Ba2Ge2Se5,Ba2DyCl7,0.5943203457483043,0.6485778,0.5129340758642528,76.64359096137542,1.5466208727092796,5.4194,3.8727,15.683323903982268,-1.4838489241979154,0.0745474733390141
Ba4P2O,Ba3Tb(BO2)9,0.5942618367201268,0.648994,0.5121635191455928,76.43205098359424,1.2965169977268192,5.1728,3.8763,15.94269133886722,-1.6233182343378318,0.0642623119985553
Ba2SmMoO6,Ba2YC2(O2F)3,0.5941718676687154,0.66382605,0.48969056680820217,69.80789365770133,1.1639169977268191,5.263999999999999,4.1001,16.447548766982095,-0.1770969151428576,-0.3074803053584059
Ba3In2O6,Ba3ZnB5PO14,0.5940796006758843,0.6603611,0.49465727533892645,71.30715185810016,1.107916997726819,4.8405000000000005,3.7326,15.63042719367385,-0.5153917053796886,0.0600653699833895
Ba3Sb2Se7,Al2H16S3O20,0.5939969455135184,0.6528046,0.5057854292125299,74.62101717951515,1.1737615750124288,5.6055,4.431699999999999,18.38077615890793,-0.2877553310769185,-0.1688516821987048
AlHg2SbCl4,Ba(AlCl4)2,0.5939827704140622,0.6542128,0.5036377518646615,73.99059416254804,1.092616997726819,5.3891,4.2965,17.148148571559226,-1.0323380950994272,0.2152682415919935
Ba3Zr6BeCl18,Ba3ZnB5PO14,0.5937400861135178,0.6601206,0.4941692460455133,71.24615450407062,1.2822169977268187,4.8405000000000005,3.5583,15.63042719367385,-0.7303643702281737,-0.0300986426102352
Ba3Zr2S7,Ba2Ca(BO2)6,0.5935268941526735,0.65110934,0.5071531839681476,75.14274162683523,1.082816997726819,5.0129,3.9301,19.213913209575576,-0.9645633088392852,-0.020635607236457
Ba4P2O,Ba3Tm(BO2)9,0.5934524999618396,0.64600766,0.5146196898221632,77.35914674371844,1.2965169977268192,5.2676,3.9711,16.467591779378182,-1.630624792993747,0.1077031552970209
Au2Se3O10,Ba(AlCl4)2,0.5933108176038948,0.6481907,0.5109909537549535,76.32817502430053,1.214816997726819,5.3891,4.1743,17.148148571559226,-1.3895139036827615,0.2148144599094458
Ba2SmMoO6,Ba(PO3)2,0.5931411169359463,0.65135074,0.5058266427093192,74.84843784393497,1.1639169977268191,5.4349,4.271,17.40684437120676,0.0370181465238115,-0.1805666120346523
AgBi(PSe3)2,BPH4NO4F,0.592953533117608,0.6641786,0.486115888219664,69.04049842410342,1.5618706393749548,5.822624664282443,4.2608,17.373372967027212,-1.4243293358159728,-0.2885843034171986
Ba2Ni(PO4)2,AlPO4,0.5928409500340531,0.65058655,0.506222497279423,75.04098898722876,1.1930169977268188,5.6178,4.424799999999999,18.451546239574878,-0.2092177659355902,0.0108931477128909
Ba(LuSe2)2,Al(PO3)3,0.5927829648282373,0.66109794,0.4903104665940613,70.33416194470134,1.6355265760422464,5.8176,4.182,15.542801480106167,-0.6236984721955121,-0.2454806312769009
Ba(LuTe2)2,Ba3B6H2O13,0.5927123440121433,0.67583334,0.46803079863757424,63.66656878336676,1.3820169977268193,5.0891,3.7071,15.483711135885049,-1.1446596416517862,-0.3372177713037145
AgRh(SO4)2,B5H4NO8,0.5926691401441639,0.65899765,0.49317630838348103,71.21591846136205,1.4293169977268192,5.7298,4.3005,19.100007640003057,-0.7087933599074097,-0.2536216718986164
Ba2Ge2Se5,Ba2HoCl7,0.5925978599550396,0.6477402,0.5098843272929563,76.18297531317728,1.5466208727092796,5.4559,3.9092,15.870599506934466,-1.48050820453125,0.0831883761383403
Ba2Ge2Se5,BHS3O11,0.5922446779404951,0.6721321,0.4724135080960574,65.10081036252575,1.5466208727092796,5.696299999999999,4.1496,17.11977262988077,-0.3975375462760409,-0.3400327742433006
Ba4P2O,Al2H16S3O20,0.5921368917651402,0.65731424,0.49437083821183125,71.70347941961694,1.2965169977268192,5.6055,4.309,18.38077615890793,-0.225293079718766,-0.2719424460431655
Ba(GdTe2)2,Ba3ZnB5PO14,0.5917151712700293,0.6589433,0.4908729700556806,70.76570745065754,1.013858253812388,4.8405000000000005,3.8267,15.63042719367385,-1.2078139171329336,-0.2582643008336164
Ba2FeMoO6,AcCl3,0.5915068474155616,0.6645025,0.48201332160382243,68.16630416982271,1.1591169977268192,5.0865,3.9274,15.469499303872531,-0.4395382226249995,-0.3206701634669246
Ba2Ni(PO4)2,Ba2DyCl7,0.5914765990088903,0.64748704,0.5074608565148022,75.75194730140633,1.1930169977268188,5.4194,4.2264,17.31921624773407,0.0475348348937743,-0.2249195532841188
Ba(DySe2)2,Al(PO3)3,0.5913832843326514,0.65798277,0.4914840459880694,71.03026919738144,1.6309643547940598,5.8176,4.1867,15.646173559446137,-0.6012010550526559,-0.2291781116392386
Ba2Zr6BCl17,Ba2Ca(BO2)6,0.5912659583608872,0.6508429,0.5019004936319011,74.15861820008418,1.3409169977268192,5.0129,3.672,19.213913209575576,-0.7891321334386441,-0.0627995642701525
Ag2P2PdO7,Ba2DyCl7,0.5912097043671788,0.6655465,0.47970450095300393,67.54563331682206,1.4222169977268189,5.4194,3.9972,17.31921624773407,-1.0846529211150788,0.3084659261483037
Ba3(TaS4)2,Ba3B6O11F2,0.5909618495043268,0.64349276,0.5121654416462159,77.27229095299629,1.000616997726819,5.252710526336427,4.2521,16.384847293223228,-1.3646187390582838,0.1462571435290797
Ba4Li(BiO4)3,Ba3Tb(BO2)9,0.5907948323407268,0.6441504,0.5107614418661833,76.90058542076301,0.8215169977268192,5.1728,4.3513,15.94269133886722,-0.934997682854838,0.0583503780479396
Ba2V3HO9,Ba2YC2(O2F)3,0.5907843947565822,0.6439839,0.5109850913674305,76.96928487073227,0.9943169977268193,5.263999999999999,4.2697,16.447548766982095,-0.4778460485595235,0.1566152188678361
Ba2Tl2O5,Ba2Ca(BO2)6,0.5905536307923788,0.6481621,0.5041408275645957,75.0028760295399,1.0156169977268188,5.0129,3.9973,19.213913209575576,-1.1492170569179887,-0.1800965651814975
Ba3PuO6,Ba3Si2(B3O8)2,0.5905373071965532,0.6451936,0.508552858068783,76.31356169555713,1.546818929946938,5.4031,3.8562,15.595128169790517,-0.1552237958657416,-0.0816866345106581
Ba2YCoO5,Al2Pb3F12,0.5904988728689202,0.6438553,0.510464256685736,76.88837214933653,1.0272169977268188,5.2252,4.198,16.232185176768496,-0.4370016681209145,0.1815626488804193
Ba3Zr6BeCl18,Ba2Li(BO2)5,0.5903148224229213,0.65272516,0.49669925626978184,72.85147215822401,1.2822169977268187,4.951700000000001,3.6695,14.739986635745453,-0.7454381796759266,-0.0869600763046736
Ba2Na2U(S2O)2,Ba2Ca(BO2)6,0.5902974726113336,0.6552859,0.4928148094198744,71.69741559364893,1.5081917121269697,5.0129,3.5047,18.48523195574016,-0.7505421131907752,0.0377493080720176
Ba2Zr6BCl17,Ba2B11H7O22,0.590174349609188,0.6522804,0.4970152737279032,72.98082270743119,1.3409169977268192,5.6652,4.3243,18.725422882466763,-0.2457277792620562,-0.2593483338343778
Ba2V3HO9,Ba4Bi3F17,0.5900895991422287,0.6454659,0.5070250725988427,75.9753716299838,0.9943169977268193,4.9991,4.0048,14.995201535508638,-0.7859303441249947,-0.0769576508190171
Ba3NaRuO6,Ba2P2O7,0.590014461624361,0.6417402,0.51242583480412,77.59172183641077,0.7866169977268193,5.1483,4.3617,15.807777426493834,-0.7776909148096713,0.0128161038127336
AgHg2PO4,B5H4NO8,0.5899366307981004,0.64656514,0.5049938382524228,75.41223614218558,1.4446169977268193,5.7298,4.2852,19.100007640003057,-0.6631778820701055,0.0792495099411928
Ba2InSbO6,Ba3B6O11F2,0.5899137882895031,0.6448023,0.5075810175405837,76.18478921265238,0.7794169977268187,5.252710526336427,4.4733,16.384847293223228,-0.671612860878787,-0.1984888113920372
Ba2V3HO9,Ba2DyCl7,0.5898813068941607,0.64047617,0.5139889717289244,78.08730793028475,0.9943169977268193,5.4194,4.4251000000000005,17.31921624773407,-0.1531915110833317,-0.1470475243497322
AgAuCl4,B5H12NO12,0.5897972604333919,0.6472397,0.5036335489897831,75.0439697752543,1.096016997726819,5.5022,4.4062,17.789162841996657,-1.0576938270833345,0.1884617130407153
Ba2InSbSe5,Ba(PO3)2,0.5895911485834074,0.636783,0.5188033061432721,79.580980382354,1.0234169977268193,5.4349,4.4115,17.40684437120676,-1.5503568859333647,0.064943896633798
Ba3In2O6,AcCl3,0.5894928273177363,0.6447844,0.5065554372013156,75.9881573887989,1.107916997726819,5.0865,3.9786,15.469499303872531,-0.4387514357765147,0.1290906348966974
Ba2InSbSe5,Ba2HoCl7,0.589369554591702,0.6559163,0.48954946118723996,70.95211015832798,1.0234169977268193,5.4559,4.4325,17.526026148831015,-1.4364766904571766,-0.3352284263959391
Ba3AlAs3,Ba2CaP4(H3O8)2,0.589321402648349,0.6401098,0.5131387659392241,77.98028668856986,1.1875169977268192,5.4657,4.2782,17.581490207109955,-1.5194071762931,0.1306156794913748
Ag3AsSe3,Ba(ClO4)2,0.589234246562175,0.63983786,0.5133287950114709,78.05884077840275,1.146016997726819,5.4454,4.2994,14.536388917989578,-0.8083313330215105,0.0335860817788528
Ba2SnSe5,Ba2CaP4(H3O8)2,0.5892324947979627,0.66197467,0.4801191895372118,68.1540220735127,1.3426169977268192,5.4657,4.1231,17.581490207109955,-1.0500521212121865,0.3182799350003638
Ba2GdMoO6,Ba(PO3)2,0.5892073876345844,0.6442123,0.5066999958665894,76.10377271831004,1.1637169977268191,5.4349,4.2712,17.40684437120676,0.0596219440238106,-0.1616875819441843
Ba3MnSb2O9,Al4(B2O5)3,0.5891451888389205,0.6539104,0.49199731476774194,71.74064161656159,1.7628285557013643,5.8127,4.0499,17.147963614598964,-0.5218028582712639,-0.126398182671177
Ba2YCoO5,Ba4Bi3F17,0.58912956769476,0.6486148,0.4999016239049449,74.1034270413672,1.0272169977268188,4.9991,3.9719,14.995201535508638,-0.6944965196527728,-0.2423777033661471
Ba3In2O6,Ba2CaP4(H3O8)2,0.5891157264477767,0.6421886,0.5095063584463687,76.95878613849366,1.107916997726819,5.4657,4.357799999999999,17.581490207109955,-0.059954025016045,-0.0214787277984303
Ba(TmTe2)2,Ba3Si2(B3O8)2,0.5888479699785648,0.64257765,0.5082534378009881,76.65613798581812,1.039516997726819,5.4031,4.3636,17.227122381477397,-1.3964025180026431,0.1680722339352828
Ba2InSbO6,Al2Pb3F12,0.5887879160708323,0.6456344,0.5035181412265038,75.26589989374246,0.7794169977268187,5.2252,4.4458,16.232185176768496,-0.7099241900098039,-0.2411264564307886
Ba2InBiSe5,Ba2P2O7,0.5886973303027928,0.6374187,0.5156152351369411,78.87252927570096,1.316416997726819,5.1483,3.8319,15.807777426493834,-1.7529849992053717,-0.0317075080247396
Ba3NaRuO6,Ba3Tb(BO2)9,0.5886806903112379,0.64042133,0.5110696846814075,77.5331905340403,0.7866169977268193,5.1728,4.3862000000000005,15.94269133886722,-0.6857037143052032,-0.017737449272719
Ba2Na2U(S2O)2,Ba2YC2(O2F)3,0.5886385874820763,0.65917486,0.4828341645183699,69.11746031896577,1.5081917121269697,5.263999999999999,3.7558,15.823780962510554,-0.8316504021193478,0.2515043399542042
Ba2Ni(PO4)2,Ba4Bi3F17,0.588634525388041,0.6467043,0.5015298094589482,74.71343109496162,1.1930169977268188,4.9991,3.8061,14.995201535508638,-0.5852039981478887,-0.1597698431465279
Ba2CrO4,Al2Pb3F12,0.588624428861563,0.6424442,0.5078947076033168,76.60698327304668,0.7966169977268195,5.2252,4.428599999999999,16.232185176768496,-0.513769482247898,-0.1929729485616222
Ag2P2PdO7,Ba2B11H7O22,0.5886135590765029,0.64969385,0.4969931127362326,73.36662238819298,1.4222169977268189,5.6652,4.243,18.725422882466763,-0.7847948154861102,0.2001414093801555
Ba4LaGe3SbSe13,Ba3Tb(BO2)9,0.5886112554538854,0.6416548,0.5090458948583919,76.95162670919066,1.4883785721190117,5.1728,3.6844,15.836215417645372,-1.6733283967956532,-0.0533058299858864
Ba3ThSe7,Ba2P2O7,0.5885751021060456,0.6466332,0.5014878690623017,74.71602226263066,1.178416997726819,5.1483,3.9699,15.807777426493834,-1.284859715716309,0.2069825436408977
Ba3Ta2Se9,Ba3Tb(BO2)9,0.5885691973035297,0.6428877,0.5070913663667345,76.38281464960393,1.5010593186159011,5.1728,3.6717,15.514640704879527,-1.5547116225743325,-0.0147343192526622
Ba2Ge2Se5,Al(PO3)3,0.5885666210955063,0.64495,0.503991519288639,75.46290140404372,1.5466208727092796,5.8176,4.2709,17.760188805062697,-1.4545823117565255,0.0022243555222552
Ba2Tl2O5,Ba3ZnB5PO14,0.5883929272561977,0.6493633,0.49693736932419497,73.40559648191274,1.0156169977268188,4.8405000000000005,3.8249,15.63042719367385,-1.0525403064318772,0.1008915265758581
Ba4Li(BiO4)3,Ba3Tm(BO2)9,0.5883671045992502,0.64316285,0.506173446946772,76.16199881761725,0.8215169977268192,5.2676,4.4461,16.467591779378182,-0.9423042415107532,0.0972762645914396
Ba2Tl2O5,Ba3B6H2O13,0.5882420922651607,0.6483879,0.4980233523584201,73.76778096066352,1.0156169977268188,5.0891,4.0735,15.483711135885049,-0.9177000946412036,0.2110470111697557
Ba3ThSe7,Ba3Al2B10H4O23,0.5882091784026386,0.64700335,0.5000178425377018,74.37091647093375,1.178416997726819,4.9577,3.7793,14.772212483504363,-0.908429770777638,-0.0903606487973963
Ba(YTe2)2,Ba3Si2(B3O8)2,0.5881241702663829,0.6367975,0.5151141791611734,78.87280560281648,1.061316997726819,5.4031,4.3418,17.227122381477397,-1.3641388637169312,0.1854069740660555
Ba2MnMoO6,Ba3Si2(B3O8)2,0.5880513003074751,0.6524654,0.49143011634638556,71.84440641670575,1.520474388087488,5.4031,3.8826,16.2527907938258,-0.5222450534476364,0.2574563436872199
Ba3In2O6,Ba2Ca(BO2)6,0.588040182478949,0.6493729,0.49604112776052084,73.22684243985648,1.107916997726819,5.0129,3.905,19.213913209575576,-0.6120684558658,-0.2257618437900127
Ba4Sb2O,Ba2DyCl7,0.5880244520921396,0.6443168,0.5035858967947181,75.4803439338041,0.8908169977268193,5.4194,4.5286,17.31921624773407,-1.2740546943095228,-0.2457713200547631
Ba2As2Se5,Ba2CaP4(H3O8)2,0.587971156147095,0.65062296,0.4939933998062523,72.63195441463238,1.2791169977268189,5.4657,4.1866,17.581490207109955,-1.2669825030068886,0.2764534467109349
Ba4LaGe3SbSe13,Ba3Tm(BO2)9,0.5879586552241408,0.63885087,0.5116203215368,77.88201088450974,1.4883785721190117,5.2676,3.7792,16.357610223080975,-1.6806349554515685,-0.0047099915325995
Ba2MnSe3,Ba(PO3)2,0.5879132945775362,0.6542677,0.48838158434613826,70.9646446827607,1.322916997726819,5.4349,4.112,17.40684437120676,-1.2083292638158056,0.3005836575875486
Ba2Zr6BCl17,Ba4Bi3F17,0.5877463919445653,0.6456123,0.5009474859944929,74.76541297099688,1.3409169977268192,4.9991,3.6582,14.995201535508638,-1.178324717932688,-0.1080312722103766
Ba3Cr2O8,Ba4Bi3F17,0.587460202339741,0.64620304,0.49934591443204,74.36039272902033,1.4032169977268192,4.9991,3.5959000000000003,14.995201535508638,-0.8735605898237129,-0.0057565560777552
Ba(TmSe2)2,AlPO4,0.5874198838810898,0.6421271,0.5053589902174416,76.16213250854223,1.634587481610209,5.6178,3.9832,14.642532044185302,-0.8976119305853127,0.073006627836915
AgHg2PO4,BHS3O11,0.5872659430157534,0.640588,0.5072828494636694,76.77349541608778,1.4446169977268193,5.696299999999999,4.2517,18.90549771873661,-0.2757919300185998,0.0368088058894089
Ba21(Cd2Sb9)2,Ba2CaP4(H3O8)2,0.5871343808311992,0.63560647,0.5144262057887447,78.92577059311262,0.986816997726819,5.4657,4.4789,17.581490207109955,-1.5060553746319727,-0.187970260555047
Ba4Li(BiO4)3,Ba2DyCl7,0.5871065866731279,0.638465,0.5100689112600368,77.6417437602174,0.8215169977268192,5.4194,4.5979,17.31921624773407,-0.674294066499999,-0.0857565410296005
Ba2V3HO9,Ba2HoCl7,0.5868287371400384,0.6372309,0.5112254586824246,78.05655975982037,0.9943169977268193,5.4559,4.4616,17.526026148831015,-0.1498507914166662,-0.1376636184328492
Ba2SiTe4,Ba3B6H2O13,0.5867152069406297,0.6416007,0.5043869103979534,76.05317665997656,1.3583169977268197,5.0891,3.7308,15.483711135885049,-1.5795641996279752,-0.1060362388763804
Ag2P2PdO7,Ba2HoCl7,0.5866283718766127,0.6567603,0.4814305017444873,69.19149633862564,1.4222169977268189,5.4559,4.0337000000000005,17.526026148831015,-1.0813122014484131,0.3147234548925304
Ba3Ta2Se9,Ba(PO3)2,0.5862882755566161,0.650445,0.4900531526328427,71.87337241682738,1.5010593186159011,5.4349,3.9338,16.939482204402772,-1.404547482029016,0.281305607809243
Ba(HoTe2)2,Ba3Si2(B3O8)2,0.5862830136570446,0.6344425,0.5140437569104415,79.033488694532,1.0404169977268192,5.4031,4.3627,17.227122381477397,-1.3810431087169304,0.193985376028606
Ba4Li(BiO4)3,Ba2P2O7,0.5862263473675364,0.63653183,0.510768078964381,78.07656918558929,0.8215169977268192,5.1483,4.3268,15.807777426493834,-1.0269848833593065,0.089581214754553
Ba(LuSe2)2,AlPO4,0.5862084996140599,0.64243615,0.5018669544251262,75.43147577449275,1.6355265760422464,5.6178,3.9822,14.622592073215737,-0.9097176854662664,0.0631309326502938
Ba2YCoO5,Ba(PO3)2,0.5860978736987648,0.63805556,0.5081612801827333,77.33512928798618,1.0272169977268188,5.4349,4.4077,17.40684437120676,-0.1722971624206324,0.1142772874741929
Ba2MnTe3,Ba2YC2(O2F)3,0.5860283840084719,0.63399774,0.5140743077756583,79.10872736790108,1.0806169977268187,5.263999999999999,4.1834,16.447548766982095,-1.7347148749876848,-0.2353109910599034
Ba(ErSe2)2,AlPO4,0.586026985327007,0.63940895,0.5059539995580952,76.69647913922618,1.6213687348322552,5.6178,3.9964,14.92758383152508,-0.8902690412996024,0.0717645881293163
Ag2P2PdO7,B5H4NO8,0.5860033367955487,0.63870823,0.5069459316342575,76.99789235344333,1.4222169977268189,5.7298,4.3076,19.100007640003057,-0.38572749524471,-0.0658371250812517
Ba3In2O6,Ba4Bi3F17,0.5859669286194584,0.6489917,0.4914297506668024,72.36776760427863,1.107916997726819,4.9991,3.8912,14.995201535508638,-1.001261040359844,-0.2688630756578947
Ba3Zr2S7,AlPO4,0.5858666872008694,0.6425426,0.5008527574499579,75.21594920247435,1.082816997726819,5.6178,4.535,18.451546239574878,-0.9777696611210308,0.0905402425578831
Ag5Hg4P8Cl5,AlCl3,0.5858604168659234,0.63620186,0.5103481947794021,78.0465469642806,1.1877514264394422,5.274,4.0863,17.651964964854024,-1.5765462262283547,-0.2044147517313951
Ba(ErTe2)2,Ba3Si2(B3O8)2,0.5858005783946996,0.63735014,0.5084761733789457,77.50549679419744,1.0403169977268183,5.4031,4.3628,17.227122381477397,-1.384070443716933,0.1753919501237737
Ba3In2O6,Ba3B6H2O13,0.5857947225954,0.64242035,0.5008562047247748,75.23536260599771,1.107916997726819,5.0891,3.9812,15.483711135885049,-0.3805514935890151,0.175324022907666
Ba2InBiSe5,Ba(PO3)2,0.585758943812592,0.6399569,0.5044619477206049,76.32074216743258,1.316416997726819,5.4349,4.1185,17.40684437120676,-1.510833658155587,0.2198616000971227
Ba(SmTe2)2,Ba3ZnB5PO14,0.5857257072223311,0.65056956,0.4884598712357593,71.53546998409243,1.051116997726819,4.8405000000000005,3.7894,15.63042719367385,-1.2221406782043625,-0.2696996886050562
Ba4Sb2O,Ba3Tm(BO2)9,0.5854707643648559,0.62895703,0.5202413313737945,81.07973259639843,0.8908169977268193,5.2676,4.3768,16.467591779378182,-1.542064869320277,-0.0653902394443429
Ba2Tl2O5,Al2Pb3F12,0.5851938762250035,0.6388825,0.5046608393347486,76.5253013555211,1.0156169977268188,5.2252,4.2096,16.232185176768496,-1.2809147898801745,0.1996389205625237
Ba(LuTe2)2,Al2Pb3F12,0.5850745600843692,0.65714073,0.47697525779015415,68.22803387426947,1.3820169977268193,5.2252,3.8432,16.232185176768496,-1.5078743368907568,-0.3302976686094921
Ba2Mn3(SeO3)6,Ba2B11H7O22,0.5848690967834235,0.6418101,0.49945751852697134,75.05359901125459,1.241516997726819,5.6652,4.4237,18.725422882466763,-0.7309006829909526,0.1862920179939869
Ba(GdSe2)2,Ba2YC2(O2F)3,0.5847198966397024,0.6543592,0.48026084980695855,69.31160023331651,1.481060739031996,5.263999999999999,3.783,16.447548766982095,-0.940875274017861,0.291726143272535
Ba2CrO4,Ba3B6O11F2,0.5847170970682487,0.6352673,0.5088917220245264,77.90943550195607,0.7966169977268195,5.252710526336427,4.4561,16.384847293223228,-0.4754581531168811,-0.1504678979376584
Ba3In2O6,Ba2Li(BO2)5,0.5846451457779072,0.6390426,0.5030488810043687,76.18514186369916,1.107916997726819,4.951700000000001,3.8438,14.739986635745453,-0.5304655148274415,0.003173942452781
Ba2PuZnO6,Ba3Si2(B3O8)2,0.584528832580913,0.6323631,0.5127774152812086,79.1142368839823,0.9139169977268192,5.4031,4.4892,17.227122381477397,-0.2881899568657422,-0.0695892363895571
Ba2Tl2O5,Ba3B6O11F2,0.5845021126877734,0.6394809,0.5020339335529679,75.9184983683328,1.0156169977268188,5.252710526336427,4.2371,16.384847293223228,-1.2426034607491574,0.2417927355974604
Ba2Ni(PO4)2,Ba2HoCl7,0.584475097746055,0.6399093,0.501323709116381,75.71300277430753,1.1930169977268188,5.4559,4.2629,17.526026148831015,0.0508755545604397,-0.2144314903000304
Ag3AsSe3,Al2H16S3O20,0.5844535387911826,0.64339256,0.4960449430739952,74.13677906439776,1.146016997726819,5.6055,4.4595,18.38077615890793,-1.430730581469404,-0.2613073214485928
Ba3AlAs3,Al2H16S3O20,0.584437340120126,0.6603556,0.4705598940939934,66.4350289986122,1.1875169977268192,5.6055,4.417999999999999,18.38077615890793,-0.6906538203310091,-0.3415572657311
Ba3AlAs3,Ba2HoCl7,0.5844248570712779,0.62928015,0.5171419028720196,80.4368300854085,1.1875169977268192,5.4559,4.2684,17.526026148831015,-1.8246346389285704,-0.1639490207103364
Ba2InSbSe5,Ba2DyCl7,0.5844051938588679,0.6572944,0.47507132126273227,67.81550887765503,1.0234169977268193,5.4194,4.396,17.31921624773407,-1.439817410123842,-0.3463148316651501
Ba2Tl2O5,AlPO4,0.5843863083864034,0.63746375,0.5047701035799534,76.76594076796314,1.0156169977268188,5.6178,4.6022,18.451546239574878,-1.162423409199734,-0.0495849810959976
Ba2Mn3(SeO3)6,AlH10SO9F,0.5841125509890793,0.6334717,0.510073741712391,78.41835082295219,1.241516997726819,5.459199999999999,4.217700000000001,17.544680452886684,0.112870908489927,-0.1254475187898618
Ba4P3,Ba2CaP4(H3O8)2,0.5839164988697403,0.6295127,0.5155220966788217,80.0895783781333,1.001816997726819,5.4657,4.463900000000001,17.581490207109955,-1.557922520196163,0.1014583660028226
AgHgSI,BHS3O11,0.583853806093001,0.63673663,0.5045295383400312,76.83150582054358,1.621961699807579,5.696299999999999,4.074400000000001,15.281553275692572,-1.3576760963281238,-0.0454054584724131
Ba2MnTe3,Ba3B6O11F2,0.5838278460715662,0.62576085,0.5209282607372727,81.71560342365981,1.0806169977268187,5.252710526336427,4.1721,16.384847293223228,-1.746992989890281,-0.0125356535078258
Ba2InSbSe5,Ba3Tm(BO2)9,0.5837915605338988,0.626481,0.5197573617181622,81.37845691251324,1.0234169977268193,5.2676,4.2442,16.467591779378182,-1.7078275851345963,-0.1638942556901182
Ba(DyTe2)2,Ba3Si2(B3O8)2,0.583724717323361,0.63552296,0.5060272912789834,77.312313670104,1.041616997726819,5.4031,4.3615,17.227122381477397,-1.3730556518121708,0.1971569414192365
Ba2Mn3(SeO3)6,Ba2HoCl7,0.5835967780554232,0.64765245,0.48751319979725705,71.78574812466026,1.241516997726819,5.4559,4.2144,17.526026148831015,-1.0274180689532555,0.2952733485193621
Ba2InCuO4,Ba2Li(BO2)5,0.5834623119000246,0.64373136,0.4930586717435841,73.4915542377299,1.3662169977268188,4.951700000000001,3.5855,14.739986635745453,-0.807113588842594,-0.1781341514433133
Ba2Na2U(S2O)2,Ba2P2O7,0.5831377753056608,0.63971937,0.49826531321742196,75.13955042357101,1.5081917121269697,5.1483,3.6401,15.208272736853196,-0.8596866815024633,0.1118375868794813
Ag2PHO4,BPH4NO4F,0.5828137222648648,0.6419256,0.4941459307375024,73.98409482503057,1.5818709676048333,5.822624664282443,4.2407,16.85259146740696,-0.3167689587475211,0.1407079019973117
Ba2PuZnO6,Ba2Nd2Si4O13,0.5828022870859844,0.6314678,0.5098039441906765,78.67924557070378,0.9139169977268192,5.046200000000001,4.1323,15.250101667344447,-0.6488961380297633,-0.0330324516613023
Ba(TbTe2)2,Ba3Si2(B3O8)2,0.5827691697902325,0.6364469,0.5022525399493286,76.43024149174865,1.0413169977268188,5.4031,4.361800000000001,17.227122381477397,-1.3649536085978862,0.2067495070842313
Ba2InBiSe5,Ba2YC2(O2F)3,0.5826733059264477,0.6305226,0.5108993367794297,79.0396053895094,1.316416997726819,5.263999999999999,3.9476,16.447548766982095,-1.7249487198222562,0.1053804843449184
Ba3NbAs3O,B5H4NO8,0.5826725512094335,0.64511615,0.48900712265248986,72.47053623908278,1.323916997726819,5.7298,4.4059,19.100007640003057,-0.6577473631712976,-0.2620803922013663
Ba4Sb2O,Ba2CaP4(H3O8)2,0.5826697519735358,0.63054883,0.5108511128315979,79.02615604330117,0.8908169977268193,5.4657,4.5749,17.581490207109955,-0.965486512007387,0.0398041487245622
Ag2PHO4,Al2H16S3O20,0.582259477061966,0.6379981,0.4986514918082428,75.48116626453773,1.5818709676048333,5.6055,4.0236,15.770277059565966,-0.1596566223324993,0.1105477681678098
Ba4LaGe3SbSe13,AlPO4,0.5822441210045473,0.62914884,0.5118869815503695,79.44641928916627,1.4883785721190117,5.6178,4.1294,18.32831451275617,-1.6693773812701789,0.0373419867293068
Ba3Zr2S7,Ba(PO3)2,0.582019782617124,0.64377797,0.48938246209033326,72.74957710954364,1.082816997726819,5.4349,4.3521,17.40684437120676,-0.8315565361011887,0.2804852829668435
Ba2InSbSe5,Ba3B6H2O13,0.5817155869039142,0.6306272,0.5083481299957245,78.52822970050384,1.0234169977268193,5.0891,4.0657,15.483711135885049,-1.4518466963946763,0.138795287404383
AgHg2NO5,AlH3NCl3,0.5816151426814866,0.6312908,0.5071016218719067,78.18165864795318,0.807116997726819,5.1434,4.3363,15.781001777992866,-0.6072635770717568,0.0765860295643751
Ba2Na2U(S2O)2,Al(PO3)3,0.5815098469451321,0.635738,0.5001675796993704,76.12998191271252,1.5081917121269697,5.8176,4.3094,18.868908617826648,-0.4777292522017662,-0.1517612660695224
Ba2InSbSe5,Ba2YC2(O2F)3,0.5813072116630544,0.6210881,0.5216358829183553,82.5938359201709,1.0234169977268193,5.263999999999999,4.240600000000001,16.447548766982095,-1.764471947600034,-0.047870584351271
Ba(Ag3O2)2,AlHSO5,0.5811899962700539,0.636875,0.49766251511303905,75.45916992174713,1.5131445376540342,5.6943,4.1812000000000005,18.034071872126564,-1.4311986788778417,0.1487132880512771
Ba4Li(BiO4)3,Ba2HoCl7,0.5811680600457854,0.63399184,0.5019323640598523,76.74854127411812,0.8215169977268192,5.4559,4.6344,17.526026148831015,-0.6709533468333335,-0.0772052477127568
Ba3Zr2S7,Ba2ErCl7,0.5810067885563137,0.63949585,0.4932731224709158,74.18313341158591,1.082816997726819,4.9184,3.8356,14.561551678946907,-0.7159841736250012,-0.1838043591615393
Ba2InSbSe5,Ba3Tb(BO2)9,0.5806736902901387,0.62662745,0.5117430429927647,79.81599076616,1.0234169977268193,5.1728,4.1494,15.94269133886722,-1.7005210264786812,-0.2106810623222635
AuCl2,B5H12NO12,0.5806714884537849,0.63798463,0.49470171136120783,74.70033557984621,1.164716997726819,5.5022,4.3375,17.789162841996657,-1.1722689490277762,0.2589279538904899
Ba2InSbSe5,AcCl3,0.5806111587936392,0.6268848,0.5112006251649833,79.67038527747903,1.0234169977268193,5.0865,4.0631,15.469499303872531,-1.510046638582176,0.0935000369176244
Ba(DySe2)2,AlPO4,0.5805325109373926,0.6329691,0.5018776403395827,76.89706661687595,1.6309643547940598,5.6178,3.9869,14.71984402292912,-0.8872202683234103,0.079886628709022
Ba3(TaS4)2,Ba2Li(BO2)5,0.5800680669522877,0.63180816,0.5024578800739339,77.19224998480053,1.000616997726819,4.951700000000001,3.9511,14.739986635745453,-1.1896293941887566,-0.0578826149679836
AsS(IF3)2,B5H12NO12,0.5800353904684123,0.62899894,0.5065900137324474,78.44133273702346,1.426816997726819,5.5022,4.0754,17.789162841996657,-0.0417657351111049,0.0019629974971781
Ba3Zr2S7,Ba4Bi3F17,0.5797404957391051,0.62896854,0.5058983744624326,78.31108455728601,1.082816997726819,4.9991,3.9163,14.995201535508638,-1.3537558933333291,-0.0627377882184715
Ba2Zr6BCl17,Al2Pb3F12,0.579432098733568,0.65921557,0.45975684788620425,64.34966250972487,1.3409169977268192,5.2252,3.884300000000001,16.232185176768496,-0.9208298664008296,0.3423268027701259
Ba(SbSe2)2,Ba(PO3)2,0.5793591156421356,0.6205065,0.5176379568423463,81.92346053864364,1.2519169977268187,5.4349,4.183,17.40684437120676,-1.91521564877976,-0.1322017690652641
Ba2SnSe5,Ba3Tb(BO2)9,0.5793498310531,0.63247,0.49966950046142417,76.53990346209967,1.3426169977268192,5.1728,3.8302,15.94269133886722,-1.6193239198691614,0.1737246096809565
Al(TeCl2)2,B5H12NO12,0.5793293439720526,0.6280784,0.5062057135935761,78.51108273181194,1.5829600079347874,5.5022,3.9192,15.237615777801494,-0.4727999402777791,0.0555215350071443
AgHg2AsO4,AlH11SO10,0.5793242793606339,0.6317471,0.5006899787303353,76.85396438628403,0.9995169977268192,5.3941,4.3946000000000005,17.176424784435866,-0.5772142155117728,0.2260046420607108
Ba3Sb2Se7,Ba2CaP4(H3O8)2,0.5793125167614235,0.64395046,0.4823555387869509,71.30532494855173,1.1737615750124288,5.4657,4.2919,17.581490207109955,-1.1165086870390095,0.3074395955171369
AgAs3H2O9,Al2H16S3O20,0.5793107239511223,0.63381547,0.4975535939401912,75.91203824132609,1.091616997726819,5.6055,4.5139,18.38077615890793,-0.316780839791327,0.1069363521566716
AcFeO3,Al2Si(O2F)2,0.5792607151342147,0.6463617,0.4786091503681525,70.17655045382341,1.263816997726819,5.706199999999999,4.4424,18.962858081970115,-0.7580762831111101,-0.3108229785701422
Ba3Zr2S7,Ba3Al2B10H4O23,0.5791893899343885,0.63811773,0.49079686400852524,73.90044077554019,1.082816997726819,4.9577,3.8749,14.772212483504363,-0.6972779322123022,-0.2502000051614235
Ba3ThSe7,Ba2ErCl7,0.5791380210001138,0.6335238,0.49755926014951546,75.9585190783348,1.178416997726819,4.9184,3.74,14.561551678946907,-0.9271360121903368,-0.0205882352941176
Ba2SiTe4,AcCl3,0.5791373284555171,0.6293167,0.5038682450594242,77.85914039081526,1.3583169977268197,5.0865,3.7282,15.469499303872531,-1.637764141815475,-0.1555710530550936
Ba3TaAs3O,B5H4NO8,0.5790751804016143,0.6438226,0.48195397583199306,71.24320464130874,1.3373169977268191,5.7298,4.3925,19.100007640003057,-0.6331641966296311,-0.2919294251565168
Ba2SiTe4,Ba3B6O11F2,0.5787070574614057,0.6241481,0.5105454927316927,79.97651846623246,1.3583169977268197,5.252710526336427,3.8944,16.384847293223228,-1.904467565735929,-0.0592645850451931
Ba3NbAs3O,Ba3Al2B10H4O23,0.5786481590660568,0.62932914,0.5026266206284753,77.61352021367513,1.323916997726819,4.9577,3.6338,14.772212483504363,-1.3329336609623024,-0.0053387638284991
Ba3ThSe7,Ba2CaP4(H3O8)2,0.5785821623288047,0.6423447,0.4829382764007775,71.6682046592975,1.178416997726819,5.4657,4.2873,17.581490207109955,-0.623600716554866,0.3113614629253843
Ba2MnSe3,Ba2Ca(BO2)6,0.5783888626711249,0.631974,0.49801116899070136,76.28945605770738,1.322916997726819,5.0129,3.69,19.213913209575576,-1.3413360365539022,-0.0178319783197831
Ba(GdSe2)2,Ba2CaP4(H3O8)2,0.5780924304099297,0.64085877,0.483942862294966,72.09891900973841,1.481060739031996,5.4657,3.9847,17.581490207109955,-0.3076525542395334,0.2708610434913544
Ba2Na2U(S2O)2,Ba2CaP4(H3O8)2,0.5777841139703979,0.6353764,0.4913956495299909,74.44367827228866,1.5081917121269697,5.4657,3.9575,16.914718051502042,-0.1984276823410202,0.2325457991156032
Ba(GdSe2)2,Al(PO3)3,0.5776927711898114,0.6307367,0.49812680540830534,76.5055914054551,1.481060739031996,5.8176,4.3366,19.612714268903385,-0.5869541241002794,-0.1141447216713554
Ba3GaAs3,Al2H16S3O20,0.5776330661020438,0.63228315,0.49565787892583996,75.77439447969124,0.994416997726819,5.6055,4.6111,18.38077615890793,-0.7327546926524386,-0.2003209646288304
Ba3UAgS6,Ba3ZnB5PO14,0.5774581216852983,0.6378009,0.4869439659220776,73.17491020651212,0.8985169977268191,4.8405000000000005,3.942,15.63042719367385,-1.1137489291675688,-0.2749873160832064
Ba4Sb2O,Ba2HoCl7,0.5773614477177191,0.628983,0.4999290732194307,77.13658162602293,0.8908169977268193,5.4559,4.5651,17.526026148831015,-1.2707139746428573,-0.2358108256117062
Ba3Ta2Se9,Ba2YC2(O2F)3,0.5772816300847028,0.6292634,0.49930894386219343,76.97011489652574,1.5010593186159011,5.263999999999999,3.7629,16.005943047621138,-1.6186625436956852,0.1639958542613409
Ba3UAgS6,Ba2YC2(O2F)3,0.5771894521939578,0.63904995,0.48439869469101765,72.46847843405266,0.8985169977268191,5.263999999999999,4.3655,16.447548766982095,-1.291533968582253,-0.3155423204673004
Ba2Tl2O5,Ba2Li(BO2)5,0.5768891671344684,0.6263054,0.5027647562436874,78.11639174884523,1.0156169977268188,4.951700000000001,3.9361,14.739986635745453,-1.0676141158796302,0.0441807880897335
Ba3AlAs3,Ba2DyCl7,0.5768355748888778,0.61617,0.5178339088551521,82.65683558400036,1.1875169977268192,5.4194,4.2319,17.31921624773407,-1.827975358595236,-0.1739880431957277
Ba4Sb2O,Ba3Tb(BO2)9,0.5768351971652564,0.6174216,0.5159554927414797,82.0949033588498,0.8908169977268193,5.1728,4.282,15.94269133886722,-1.534758310664362,-0.1085474077533863
Ba2SnSe5,Ba3Tm(BO2)9,0.5767062216742586,0.62768215,0.5002423151691135,77.40277150763627,1.3426169977268192,5.2676,3.925,16.467591779378182,-1.6266304785250765,0.215031847133758
Ba2InBiSe5,AlPO4,0.5766886833909831,0.6185539,0.5138908484587277,81.51556079046767,1.316416997726819,5.6178,4.3014,18.451546239574878,-1.657046783175429,0.0221788254986747
Ba(GdSe2)2,Ba2Ca(BO2)6,0.5765577127046801,0.6322399,0.4930343899894303,75.25838950979295,1.481060739031996,5.0129,3.5319000000000003,19.213913209575576,-0.8597669850892884,0.0824768538180582
Ba3(TaS4)2,AlPO4,0.5765245665947415,0.6260342,0.5022600565949622,78.05995326980363,1.000616997726819,5.6178,4.6172,18.451546239574878,-1.2844386875088605,-0.136619596292125
Ba2MnTe3,Al2Pb3F12,0.5760975245586752,0.6161268,0.5160536030808388,82.32204434335371,1.0806169977268187,5.2252,4.1446000000000005,16.232185176768496,-1.7853043190212978,-0.0570380736379868
Ba2YCoO5,Ba3ZnB5PO14,0.5760760486227019,0.6350074,0.4876789897932965,73.7543101223946,1.0272169977268188,4.8405000000000005,3.8133,15.63042719367385,-0.2086271846726175,0.0806912647837831
Ba4P2O,Ba2P2O7,0.5760066577358043,0.6241517,0.5037890544938535,78.65798340778444,1.2965169977268192,5.1483,3.8518,15.807777426493834,-1.7153054348423,0.0993821070668259
AlCuGeSe4,Ba(ClO4)2,0.5759499109928068,0.62243336,0.5062247159938654,79.40764339226608,1.1459169977268189,5.4454,4.2995,14.536388917989578,-0.3676104448295463,-0.1940923363181765
Ba2YCoO5,Ba3B6O11F2,0.5754721761403498,0.6269603,0.4982399942124925,77.12046707162413,1.0272169977268188,5.252710526336427,4.2255,16.384847293223228,-0.3986903389898977,0.2239498284226719
Ba3ThSe7,Ba2Ca(BO2)6,0.5751173527355119,0.6300629,0.49269900503633524,75.5310765078845,1.178416997726819,5.0129,3.8345,19.213913209575576,-1.175715147404621,0.1426261572564872
Ba(ErSe2)2,Ba2Ca(BO2)6,0.5750436724243451,0.6352348,0.48475696171767735,73.12876394433121,1.6213687348322552,5.0129,3.3915,15.54435039988252,-0.877062689017857,-0.0604157452454666
AcFeO3,AlHO2,0.5749389427381145,0.62153935,0.5050383253587751,79.31771043105786,1.263816997726819,5.5638000000000005,4.3,16.915759558747073,0.1187138833125009,0.0231162790697674
Ba3Cr2O8,Ba2Ca(BO2)6,0.574730787788327,0.6277705,0.4951711846254651,76.3835820447521,1.4032169977268192,5.0129,3.6097,19.213913209575576,-0.484368005329669,0.039864808709865
Ba2Mn3(SeO3)6,B5H4NO8,0.574685149440443,0.6248266,0.4994728988639403,77.7010111226994,1.241516997726819,5.7298,4.4883,19.100007640003057,-0.3318333627495524,-0.0687788249448566
AgRh(SO4)2,BHS3O11,0.5746591587495654,0.6362245,0.482311074840985,72.47947481217865,1.4293169977268192,5.696299999999999,4.267,18.90549771873661,-0.3214074078559039,-0.2985235528474338
Ba2MnSe3,Ba3Al2B10H4O23,0.5745275705341726,0.63616,0.48207888734445686,72.44218060267109,1.322916997726819,4.9577,3.6348,14.772212483504363,-1.074050659926919,-0.2625178826895565
Ba2UMnO6,Ba3Si2(B3O8)2,0.5744707830699101,0.62340754,0.5010656138141488,78.24013349148449,1.2645169977268187,5.4031,4.1386,17.227122381477397,0.1085972390523632,0.0357608853235393
Ba2MnTe3,Ba3ZnB5PO14,0.5744546222335044,0.6287079,0.4930746971681574,75.8182751915894,1.0806169977268187,4.8405000000000005,3.7599,15.63042719367385,-1.5569298355730008,-0.1837548870980611
Ba3Ta2Se9,Al(PO3)3,0.5743094738150534,0.63032204,0.49029061094544746,75.00805864135022,1.5010593186159011,5.8176,4.3165,19.086125965926172,-1.2647413937781036,-0.2273832966523804
Ba2YCoO5,AlPO4,0.5742561343193088,0.620399,0.5050418086052024,79.50008761872427,1.0272169977268188,5.6178,4.5906,18.451546239574878,-0.3185102874404744,-0.0667450877880887
Ba3Zr6BeCl18,Ba2Ca(BO2)6,0.5740419021680492,0.6457013,0.4665527471489057,67.78639839872844,1.2822169977268187,5.0129,3.7307,19.213913209575576,-0.8270411207142851,-0.325113249524218
Ag2PHO4,Al(PO3)3,0.5740208146464618,0.63629377,0.4806113534897051,72.1225353390168,1.5818709676048333,5.8176,4.2357000000000005,16.827251212719496,-1.2677115481553365,0.2215218263805274
Ba2YCoO5,Ba2HoCl7,0.5736810275431836,0.6269088,0.4938393852403673,76.25347100577561,1.0272169977268188,5.4559,4.4287,17.526026148831015,-0.0584169669444443,-0.286472328222729
Ba3(SnAs2)2,Ba2CaP4(H3O8)2,0.57367906929386,0.61017305,0.5189381033513035,83.83951070850269,1.007916997726819,5.4657,4.4578,17.581490207109955,-1.7455994981978629,-0.0816546278433307
Ba3ThSe7,AlPO4,0.5736534814619184,0.6278466,0.49236377591469904,75.8111822940164,1.178416997726819,5.6178,4.4394,18.451546239574878,-1.1889214996863664,0.2339505338559264
Ba2ThS6,Ba2CaSi4(BO7)2,0.5736033819164025,0.6345081,0.4822463298949567,72.73138247849688,1.5637519865247549,4.8764,3.3127,17.144360699342634,-1.3288517339130457,-0.077006671295318
Ba4LaGe3SbSe13,Ba(PO3)2,0.5734604031522967,0.6265011,0.4938993679185454,76.32958549731038,1.4883785721190117,5.4349,3.9465,17.290589859932926,-1.5231642562503367,0.2443430888128721
Ba2MnSe3,Ba2ErCl7,0.5733438162027901,0.6314307,0.48621349732555574,74.01369945399497,1.322916997726819,4.9184,3.5955,14.561551678946907,-1.092756901339618,-0.1918231122236127
Ba2Mn(AsO4)2,AcCl3,0.5731591718176543,0.626684,0.4928718846985546,76.095498945523,1.498186441755564,5.0865,3.5883000000000003,15.12400350641984,-0.4831158334764578,0.0963966223559903
Ba3SrEr2(MoO6)2,Ba(PO3)2,0.5731163171157998,0.6256154,0.49436759134773467,76.56253255288013,1.2443169977268191,5.4349,4.1906,17.40684437120676,0.1062084555238116,-0.2368634563069727
Al2CuCl8,Ba2B2AsH3F18,0.5730192534371763,0.6173002,0.506597800116874,80.3002743958706,0.814816997726819,5.05,4.2352,15.270750404674889,-1.325932342169289,-0.1640064223649414
Ba2B4Se13,Ba2B11H7O22,0.573007099137935,0.6219791,0.49954904195227456,78.16727570841601,1.587415085264163,5.6652,4.0778,15.93231383808751,-1.6942084769516237,-0.2282603364559322
Ba4Li(BiO4)3,Ba2YC2(O2F)3,0.5728961619365001,0.6218395,0.49948106026346073,78.17600696110642,0.8215169977268192,5.263999999999999,4.4425,16.447548766982095,-0.9989486039761908,0.2082386043894204
Ba3(AlAs2)2,Ba(PO3)2,0.572851762824909,0.60763407,0.5206782759568496,84.58657443923494,1.311930106189244,5.4349,4.123,17.40684437120676,-2.030545607142856,-0.0457433907349017
Ba3Sb2Se7,Ba3Al2B10H4O23,0.5726710686471894,0.6221774,0.4984115385479815,77.91056527399604,1.1737615750124288,4.9577,3.7839,14.772212483504363,-1.4013377412617811,-0.0943206744364279
Ba2SmMoO6,AcCl3,0.5726417787471716,0.6239454,0.49568627963446177,77.0890488367049,1.1639169977268191,5.0865,3.9226,15.469499303872531,0.0773283938750002,-0.1727935552949573
Ba2Ni(PO4)2,Ba2Ca(BO2)6,0.5725752141300343,0.624217,0.4951125448503849,76.93182806632484,1.1930169977268188,5.0129,3.8199,19.213913209575576,-0.1960114136538449,-0.1161025157726642
Ba2Ni(PO4)2,Al2Pb3F12,0.5725160922247358,0.6330109,0.4817737851635087,72.86702311676112,1.1930169977268188,5.2252,4.0322,16.232185176768496,-0.3277091466160304,0.2769703883735926
Ba(ErSe2)2,Ba2HoCl7,0.5724731407407939,0.62320423,0.4963764602551908,77.34370162544994,1.6213687348322552,5.4559,3.8345,14.17882388680524,-0.6301757208035723,-0.1761637762420133
Ba2V3HO9,Ba2Ca(BO2)6,0.5723441353291866,0.61685216,0.5055820472167425,80.17342737539772,0.9943169977268193,5.0129,4.0186,19.213913209575576,-0.3967377596309509,-0.0357338376549047
Ba3(TaS4)2,Ba2Ca(BO2)6,0.5723203465275197,0.6263768,0.4912356398831381,75.81609472943435,1.000616997726819,5.0129,4.0123,19.213913209575576,-1.271232335227115,-0.2797647234753134
Ba2YCoO5,Ba2DyCl7,0.5722635914970602,0.6278363,0.4889044737043891,75.11834112208385,1.0272169977268188,5.4194,4.3922,17.31921624773407,-0.0617576866111098,-0.2971631528618915
AlCuGeSe4,Ba2CaP4(H3O8)2,0.572229389969972,0.60988617,0.5157441760710557,83.27301787154082,1.1459169977268189,5.4657,4.319800000000001,17.581490207109955,-1.8187630492395308,-0.0176860039816658
Ba2Zr6BCl17,AcCl3,0.5721149818425701,0.6431114,0.4656203280700561,67.98304333655942,1.3409169977268192,5.0865,3.7456,15.469499303872531,-0.6158151133493588,0.3109248184536523
Ba2SnSe5,Ba3Al2B10H4O23,0.5721040047150406,0.6257273,0.49166902327079404,76.0052417736311,1.3426169977268192,4.9577,3.6151,14.772212483504363,-1.3348811754349583,-0.1007164393792703
Ba3NaRuO6,Ba2YC2(O2F)3,0.5720718847393343,0.6184554,0.5024965968428426,79.31065514802222,0.7866169977268193,5.263999999999999,4.4774,16.447548766982095,-0.7496546354265559,0.1325322731942645
Ba(FeBr4)2,Ba2B2AsH3F18,0.5719370098684793,0.61515504,0.507109947943331,80.74517260754361,1.181116997726819,5.05,3.8689,15.270750404674889,-1.6334808768283804,-0.1486469022202693
