Core_Formula,Shell_Formula,Consensus_Quality,XGB_Quality,KNN_Quality,Verification_Agreement_%,Total_Confinement_eV,Core_Eg_nano_3nm_eV,Shell_Eg_bulk_eV,Total_Confinement_eV.1,Dielectric_Contrast_Ratio,Defect_Gradient_eV,Confinement_Asymmetry,Core_a_A,Shell_a_A,Lattice_Mismatch_pct,Synthesizability_Index,Synthesis_Regime,Core_Ehull_eV_atom,Shell_Ehull_eV_atom,Max_Pair_Ehull_eV_atom,Thermodynamically_Stable,Design_Thickness_nm,Design_Trap_Depth_eV,Calculated_Eps_r,Effective_Barrier_eV,Retention_Time_Years,J_OFF_2V_A_m2,J_ON_2V_A_m2,I_OFF_2V_A,I_ON_2V_A,Simulated_ON_OFF_Ratio_2V
Ba2ZnS3,Ba2TeP2O9,0.5135003781858283,0.48176214,0.5875563146482564,78.04016450074234,1.4163999999999994,2.222661685936353,3.4372,1.4163999999999994,1.446353174333333,-0.9422492841156482,5.984191399450697,4.7166486394751175,4.53925138527649,3.761086902126523,0.3996190183244618,Coherent Epitaxy (Ideal),0.0037727745656497,0.0,0.0037727745656497,True,2.0,0.2,9.464,1.719,7.256850170752504e-18,10000000.0,10000000.0,1e-07,1e-07,1.0
Ba2ZnS3,Ba2TeP2O9,0.5135003781858283,0.48176214,0.5875563146482564,78.04016450074234,1.4163999999999994,2.222661685936353,3.4372,1.4163999999999994,1.446353174333333,-0.9422492841156482,5.984191399450697,4.7166486394751175,4.53925138527649,3.761086902126523,0.3996190183244618,Coherent Epitaxy (Ideal),0.0037727745656497,0.0,0.0037727745656497,True,2.0,0.3,9.464,1.719,3.472755583540211e-16,10000000.0,10000000.0,1e-07,1e-07,1.0
Ba2ZnS3,Ba2TeP2O9,0.5135003781858283,0.48176214,0.5875563146482564,78.04016450074234,1.4163999999999994,2.222661685936353,3.4372,1.4163999999999994,1.446353174333333,-0.9422492841156482,5.984191399450697,4.7166486394751175,4.53925138527649,3.761086902126523,0.3996190183244618,Coherent Epitaxy (Ideal),0.0037727745656497,0.0,0.0037727745656497,True,2.0,0.4,9.464,1.719,1.6618823675891287e-14,10000000.0,10000000.0,1e-07,1e-07,1.0
Ba2ZnS3,Ba2TeP2O9,0.5135003781858283,0.48176214,0.5875563146482564,78.04016450074234,1.4163999999999994,2.222661685936353,3.4372,1.4163999999999994,1.446353174333333,-0.9422492841156482,5.984191399450697,4.7166486394751175,4.53925138527649,3.761086902126523,0.3996190183244618,Coherent Epitaxy (Ideal),0.0037727745656497,0.0,0.0037727745656497,True,3.0,0.2,9.464,1.719,7.256850170752504e-18,1282569.083940937,1949235.7506076037,1.282569083940937e-08,1.949235750607604e-08,1.519790064343518
Ba2ZnS3,Ba2TeP2O9,0.5135003781858283,0.48176214,0.5875563146482564,78.04016450074234,1.4163999999999994,2.222661685936353,3.4372,1.4163999999999994,1.446353174333333,-0.9422492841156482,5.984191399450697,4.7166486394751175,4.53925138527649,3.761086902126523,0.3996190183244618,Coherent Epitaxy (Ideal),0.0037727745656497,0.0,0.0037727745656497,True,3.0,0.3,9.464,1.719,3.472755583540211e-16,1282569.083940937,1949235.7506076037,1.282569083940937e-08,1.949235750607604e-08,1.519790064343518
Ba2ZnS3,Ba2TeP2O9,0.5135003781858283,0.48176214,0.5875563146482564,78.04016450074234,1.4163999999999994,2.222661685936353,3.4372,1.4163999999999994,1.446353174333333,-0.9422492841156482,5.984191399450697,4.7166486394751175,4.53925138527649,3.761086902126523,0.3996190183244618,Coherent Epitaxy (Ideal),0.0037727745656497,0.0,0.0037727745656497,True,3.0,0.4,9.464,1.719,1.6618823675891287e-14,1282569.083940937,1949235.7506076037,1.282569083940937e-08,1.949235750607604e-08,1.519790064343518
Ba2ZnS3,Ba2TeP2O9,0.5135003781858283,0.48176214,0.5875563146482564,78.04016450074234,1.4163999999999994,2.222661685936353,3.4372,1.4163999999999994,1.446353174333333,-0.9422492841156482,5.984191399450697,4.7166486394751175,4.53925138527649,3.761086902126523,0.3996190183244618,Coherent Epitaxy (Ideal),0.0037727745656497,0.0,0.0037727745656497,True,4.0,0.2,9.464,1.719,7.256850170752504e-18,10656.372111850398,510656.37211185036,1.0656372111850398e-10,5.106563721118504e-09,47.92028344655645
Ba2ZnS3,Ba2TeP2O9,0.5135003781858283,0.48176214,0.5875563146482564,78.04016450074234,1.4163999999999994,2.222661685936353,3.4372,1.4163999999999994,1.446353174333333,-0.9422492841156482,5.984191399450697,4.7166486394751175,4.53925138527649,3.761086902126523,0.3996190183244618,Coherent Epitaxy (Ideal),0.0037727745656497,0.0,0.0037727745656497,True,4.0,0.3,9.464,1.719,3.472755583540211e-16,10656.372111850398,510656.37211185036,1.0656372111850398e-10,5.106563721118504e-09,47.92028344655645
Ba2ZnS3,Ba2TeP2O9,0.5135003781858283,0.48176214,0.5875563146482564,78.04016450074234,1.4163999999999994,2.222661685936353,3.4372,1.4163999999999994,1.446353174333333,-0.9422492841156482,5.984191399450697,4.7166486394751175,4.53925138527649,3.761086902126523,0.3996190183244618,Coherent Epitaxy (Ideal),0.0037727745656497,0.0,0.0037727745656497,True,4.0,0.4,9.464,1.719,1.6618823675891287e-14,10656.372111850398,510656.37211185036,1.0656372111850398e-10,5.106563721118504e-09,47.92028344655645
Ba2ZnS3,Ba2TeP2O9,0.5135003781858283,0.48176214,0.5875563146482564,78.04016450074234,1.4163999999999994,2.222661685936353,3.4372,1.4163999999999994,1.446353174333333,-0.9422492841156482,5.984191399450697,4.7166486394751175,4.53925138527649,3.761086902126523,0.3996190183244618,Coherent Epitaxy (Ideal),0.0037727745656497,0.0,0.0037727745656497,True,5.0,0.2,9.464,1.719,7.256850170752504e-18,100.75387748639821,400100.7538774864,1.0075387748639822e-12,4.001007538774864e-09,3971.0705320646352
Ba2ZnS3,Ba2TeP2O9,0.5135003781858283,0.48176214,0.5875563146482564,78.04016450074234,1.4163999999999994,2.222661685936353,3.4372,1.4163999999999994,1.446353174333333,-0.9422492841156482,5.984191399450697,4.7166486394751175,4.53925138527649,3.761086902126523,0.3996190183244618,Coherent Epitaxy (Ideal),0.0037727745656497,0.0,0.0037727745656497,True,5.0,0.3,9.464,1.719,3.472755583540211e-16,100.75387748639821,400100.7538774864,1.0075387748639822e-12,4.001007538774864e-09,3971.0705320646352
Ba2ZnS3,Ba2TeP2O9,0.5135003781858283,0.48176214,0.5875563146482564,78.04016450074234,1.4163999999999994,2.222661685936353,3.4372,1.4163999999999994,1.446353174333333,-0.9422492841156482,5.984191399450697,4.7166486394751175,4.53925138527649,3.761086902126523,0.3996190183244618,Coherent Epitaxy (Ideal),0.0037727745656497,0.0,0.0037727745656497,True,5.0,0.4,9.464,1.719,1.6618823675891287e-14,100.75387748639821,400100.7538774864,1.0075387748639822e-12,4.001007538774864e-09,3971.0705320646352
Ba2ZnS3,Ba2TeP2O9,0.5135003781858283,0.48176214,0.5875563146482564,78.04016450074234,1.4163999999999994,2.222661685936353,3.4372,1.4163999999999994,1.446353174333333,-0.9422492841156482,5.984191399450697,4.7166486394751175,4.53925138527649,3.761086902126523,0.3996190183244618,Coherent Epitaxy (Ideal),0.0037727745656497,0.0,0.0037727745656497,True,6.0,0.2,9.464,1.719,7.256850170752504e-18,1.0337374852725638,333334.3670708186,1.0337374852725638e-14,3.333343670708186e-09,322455.5284293758
Ba2ZnS3,Ba2TeP2O9,0.5135003781858283,0.48176214,0.5875563146482564,78.04016450074234,1.4163999999999994,2.222661685936353,3.4372,1.4163999999999994,1.446353174333333,-0.9422492841156482,5.984191399450697,4.7166486394751175,4.53925138527649,3.761086902126523,0.3996190183244618,Coherent Epitaxy (Ideal),0.0037727745656497,0.0,0.0037727745656497,True,6.0,0.3,9.464,1.719,3.472755583540211e-16,1.0337374852725638,333334.3670708186,1.0337374852725638e-14,3.333343670708186e-09,322455.5284293758
Ba2ZnS3,Ba2TeP2O9,0.5135003781858283,0.48176214,0.5875563146482564,78.04016450074234,1.4163999999999994,2.222661685936353,3.4372,1.4163999999999994,1.446353174333333,-0.9422492841156482,5.984191399450697,4.7166486394751175,4.53925138527649,3.761086902126523,0.3996190183244618,Coherent Epitaxy (Ideal),0.0037727745656497,0.0,0.0037727745656497,True,6.0,0.4,9.464,1.719,1.6618823675891287e-14,1.0337374852725638,333334.3670708186,1.0337374852725638e-14,3.333343670708186e-09,322455.5284293758
Ba3MoN4,Ba3GaS4Cl,0.5472591255142655,0.5013192,0.6544522557107494,69.4539891818512,1.7573,2.055724189241784,3.6078,1.7573,1.5333421353333334,-1.1088627095138777,5.875172632344949,4.756657482431492,4.523642051890609,4.898722083763973,0.394784852475452,Coherent Epitaxy (Ideal),0.025,0.0,0.025,True,2.0,0.2,8.683,1.804,7.256850170752504e-18,10000000.0,10000000.0,1e-07,1e-07,1.0
Ba3MoN4,Ba3GaS4Cl,0.5472591255142655,0.5013192,0.6544522557107494,69.4539891818512,1.7573,2.055724189241784,3.6078,1.7573,1.5333421353333334,-1.1088627095138777,5.875172632344949,4.756657482431492,4.523642051890609,4.898722083763973,0.394784852475452,Coherent Epitaxy (Ideal),0.025,0.0,0.025,True,2.0,0.3,8.683,1.804,3.472755583540211e-16,10000000.0,10000000.0,1e-07,1e-07,1.0
Ba3MoN4,Ba3GaS4Cl,0.5472591255142655,0.5013192,0.6544522557107494,69.4539891818512,1.7573,2.055724189241784,3.6078,1.7573,1.5333421353333334,-1.1088627095138777,5.875172632344949,4.756657482431492,4.523642051890609,4.898722083763973,0.394784852475452,Coherent Epitaxy (Ideal),0.025,0.0,0.025,True,2.0,0.4,8.683,1.804,1.6618823675891287e-14,10000000.0,10000000.0,1e-07,1e-07,1.0
Ba3MoN4,Ba3GaS4Cl,0.5472591255142655,0.5013192,0.6544522557107494,69.4539891818512,1.7573,2.055724189241784,3.6078,1.7573,1.5333421353333334,-1.1088627095138777,5.875172632344949,4.756657482431492,4.523642051890609,4.898722083763973,0.394784852475452,Coherent Epitaxy (Ideal),0.025,0.0,0.025,True,3.0,0.2,8.683,1.804,7.256850170752504e-18,466257.2698805151,1132923.9365471818,4.662572698805151e-09,1.1329239365471817e-08,2.429825784459102
Ba3MoN4,Ba3GaS4Cl,0.5472591255142655,0.5013192,0.6544522557107494,69.4539891818512,1.7573,2.055724189241784,3.6078,1.7573,1.5333421353333334,-1.1088627095138777,5.875172632344949,4.756657482431492,4.523642051890609,4.898722083763973,0.394784852475452,Coherent Epitaxy (Ideal),0.025,0.0,0.025,True,3.0,0.3,8.683,1.804,3.472755583540211e-16,466257.2698805151,1132923.9365471818,4.662572698805151e-09,1.1329239365471817e-08,2.429825784459102
Ba3MoN4,Ba3GaS4Cl,0.5472591255142655,0.5013192,0.6544522557107494,69.4539891818512,1.7573,2.055724189241784,3.6078,1.7573,1.5333421353333334,-1.1088627095138777,5.875172632344949,4.756657482431492,4.523642051890609,4.898722083763973,0.394784852475452,Coherent Epitaxy (Ideal),0.025,0.0,0.025,True,3.0,0.4,8.683,1.804,1.6618823675891287e-14,466257.2698805151,1132923.9365471818,4.662572698805151e-09,1.1329239365471817e-08,2.429825784459102
Ba3MoN4,Ba3GaS4Cl,0.5472591255142655,0.5013192,0.6544522557107494,69.4539891818512,1.7573,2.055724189241784,3.6078,1.7573,1.5333421353333334,-1.1088627095138777,5.875172632344949,4.756657482431492,4.523642051890609,4.898722083763973,0.394784852475452,Coherent Epitaxy (Ideal),0.025,0.0,0.025,True,4.0,0.2,8.683,1.804,7.256850170752504e-18,2813.644591242409,502813.64459124237,2.813644591242409e-11,5.028136445912423e-09,178.7054577384335
Ba3MoN4,Ba3GaS4Cl,0.5472591255142655,0.5013192,0.6544522557107494,69.4539891818512,1.7573,2.055724189241784,3.6078,1.7573,1.5333421353333334,-1.1088627095138777,5.875172632344949,4.756657482431492,4.523642051890609,4.898722083763973,0.394784852475452,Coherent Epitaxy (Ideal),0.025,0.0,0.025,True,4.0,0.3,8.683,1.804,3.472755583540211e-16,2813.644591242409,502813.64459124237,2.813644591242409e-11,5.028136445912423e-09,178.7054577384335
Ba3MoN4,Ba3GaS4Cl,0.5472591255142655,0.5013192,0.6544522557107494,69.4539891818512,1.7573,2.055724189241784,3.6078,1.7573,1.5333421353333334,-1.1088627095138777,5.875172632344949,4.756657482431492,4.523642051890609,4.898722083763973,0.394784852475452,Coherent Epitaxy (Ideal),0.025,0.0,0.025,True,4.0,0.4,8.683,1.804,1.6618823675891287e-14,2813.644591242409,502813.64459124237,2.813644591242409e-11,5.028136445912423e-09,178.7054577384335
Ba3MoN4,Ba3GaS4Cl,0.5472591255142655,0.5013192,0.6544522557107494,69.4539891818512,1.7573,2.055724189241784,3.6078,1.7573,1.5333421353333334,-1.1088627095138777,5.875172632344949,4.756657482431492,4.523642051890609,4.898722083763973,0.394784852475452,Coherent Epitaxy (Ideal),0.025,0.0,0.025,True,5.0,0.2,8.683,1.804,7.256850170752504e-18,19.337375193525823,400019.33737519354,1.9337375193525822e-13,4.000193373751935e-09,20686.330661315427
Ba3MoN4,Ba3GaS4Cl,0.5472591255142655,0.5013192,0.6544522557107494,69.4539891818512,1.7573,2.055724189241784,3.6078,1.7573,1.5333421353333334,-1.1088627095138777,5.875172632344949,4.756657482431492,4.523642051890609,4.898722083763973,0.394784852475452,Coherent Epitaxy (Ideal),0.025,0.0,0.025,True,5.0,0.3,8.683,1.804,3.472755583540211e-16,19.337375193525823,400019.33737519354,1.9337375193525822e-13,4.000193373751935e-09,20686.330661315427
Ba3MoN4,Ba3GaS4Cl,0.5472591255142655,0.5013192,0.6544522557107494,69.4539891818512,1.7573,2.055724189241784,3.6078,1.7573,1.5333421353333334,-1.1088627095138777,5.875172632344949,4.756657482431492,4.523642051890609,4.898722083763973,0.394784852475452,Coherent Epitaxy (Ideal),0.025,0.0,0.025,True,5.0,0.4,8.683,1.804,1.6618823675891287e-14,19.337375193525823,400019.33737519354,1.9337375193525822e-13,4.000193373751935e-09,20686.330661315427
Ba3MoN4,Ba3GaS4Cl,0.5472591255142655,0.5013192,0.6544522557107494,69.4539891818512,1.7573,2.055724189241784,3.6078,1.7573,1.5333421353333334,-1.1088627095138777,5.875172632344949,4.756657482431492,4.523642051890609,4.898722083763973,0.394784852475452,Coherent Epitaxy (Ideal),0.025,0.0,0.025,True,6.0,0.2,8.683,1.804,7.256850170752504e-18,0.14429239703631433,333333.47762573033,1.4429239703631433e-15,3.3333347762573033e-09,2310125.027182407
Ba3MoN4,Ba3GaS4Cl,0.5472591255142655,0.5013192,0.6544522557107494,69.4539891818512,1.7573,2.055724189241784,3.6078,1.7573,1.5333421353333334,-1.1088627095138777,5.875172632344949,4.756657482431492,4.523642051890609,4.898722083763973,0.394784852475452,Coherent Epitaxy (Ideal),0.025,0.0,0.025,True,6.0,0.3,8.683,1.804,3.472755583540211e-16,0.14429239703631433,333333.47762573033,1.4429239703631433e-15,3.3333347762573033e-09,2310125.027182407
Ba3MoN4,Ba3GaS4Cl,0.5472591255142655,0.5013192,0.6544522557107494,69.4539891818512,1.7573,2.055724189241784,3.6078,1.7573,1.5333421353333334,-1.1088627095138777,5.875172632344949,4.756657482431492,4.523642051890609,4.898722083763973,0.394784852475452,Coherent Epitaxy (Ideal),0.025,0.0,0.025,True,6.0,0.4,8.683,1.804,1.6618823675891287e-14,0.14429239703631433,333333.47762573033,1.4429239703631433e-15,3.3333347762573033e-09,2310125.027182407
Ba2ZnS3,Ba2Mn(BO2)6,0.536307242555562,0.49590924,0.630569249534419,72.84583673527388,1.9616,2.222661685936353,3.9824,1.9616,1.446353174333333,-1.0418702813300509,6.811999952210468,4.7166486394751175,4.493944738389183,4.721655525112806,0.3914783350408599,Coherent Epitaxy (Ideal),0.0037727745656497,0.035,0.035,True,2.0,0.2,7.305,1.991,7.256850170752504e-18,10000000.0,10000000.0,1e-07,1e-07,1.0
Ba2ZnS3,Ba2Mn(BO2)6,0.536307242555562,0.49590924,0.630569249534419,72.84583673527388,1.9616,2.222661685936353,3.9824,1.9616,1.446353174333333,-1.0418702813300509,6.811999952210468,4.7166486394751175,4.493944738389183,4.721655525112806,0.3914783350408599,Coherent Epitaxy (Ideal),0.0037727745656497,0.035,0.035,True,2.0,0.3,7.305,1.991,3.472755583540211e-16,10000000.0,10000000.0,1e-07,1e-07,1.0
Ba2ZnS3,Ba2Mn(BO2)6,0.536307242555562,0.49590924,0.630569249534419,72.84583673527388,1.9616,2.222661685936353,3.9824,1.9616,1.446353174333333,-1.0418702813300509,6.811999952210468,4.7166486394751175,4.493944738389183,4.721655525112806,0.3914783350408599,Coherent Epitaxy (Ideal),0.0037727745656497,0.035,0.035,True,2.0,0.4,7.305,1.991,1.6618823675891287e-14,10000000.0,10000000.0,1e-07,1e-07,1.0
Ba2ZnS3,Ba2Mn(BO2)6,0.536307242555562,0.49590924,0.630569249534419,72.84583673527388,1.9616,2.222661685936353,3.9824,1.9616,1.446353174333333,-1.0418702813300509,6.811999952210468,4.7166486394751175,4.493944738389183,4.721655525112806,0.3914783350408599,Coherent Epitaxy (Ideal),0.0037727745656497,0.035,0.035,True,3.0,0.2,7.305,1.991,7.256850170752504e-18,42797.56801541696,709464.2346820836,4.279756801541696e-10,7.094642346820836e-09,16.57720911680106
Ba2ZnS3,Ba2Mn(BO2)6,0.536307242555562,0.49590924,0.630569249534419,72.84583673527388,1.9616,2.222661685936353,3.9824,1.9616,1.446353174333333,-1.0418702813300509,6.811999952210468,4.7166486394751175,4.493944738389183,4.721655525112806,0.3914783350408599,Coherent Epitaxy (Ideal),0.0037727745656497,0.035,0.035,True,3.0,0.3,7.305,1.991,3.472755583540211e-16,42797.56801541696,709464.2346820836,4.279756801541696e-10,7.094642346820836e-09,16.57720911680106
Ba2ZnS3,Ba2Mn(BO2)6,0.536307242555562,0.49590924,0.630569249534419,72.84583673527388,1.9616,2.222661685936353,3.9824,1.9616,1.446353174333333,-1.0418702813300509,6.811999952210468,4.7166486394751175,4.493944738389183,4.721655525112806,0.3914783350408599,Coherent Epitaxy (Ideal),0.0037727745656497,0.035,0.035,True,3.0,0.4,7.305,1.991,1.6618823675891287e-14,42797.56801541696,709464.2346820836,4.279756801541696e-10,7.094642346820836e-09,16.57720911680106
Ba2ZnS3,Ba2Mn(BO2)6,0.536307242555562,0.49590924,0.630569249534419,72.84583673527388,1.9616,2.222661685936353,3.9824,1.9616,1.446353174333333,-1.0418702813300509,6.811999952210468,4.7166486394751175,4.493944738389183,4.721655525112806,0.3914783350408599,Coherent Epitaxy (Ideal),0.0037727745656497,0.035,0.035,True,4.0,0.2,7.305,1.991,7.256850170752504e-18,112.08688115368824,500112.08688115363,1.1208688115368824e-12,5.001120868811536e-09,4461.8253423915285
Ba2ZnS3,Ba2Mn(BO2)6,0.536307242555562,0.49590924,0.630569249534419,72.84583673527388,1.9616,2.222661685936353,3.9824,1.9616,1.446353174333333,-1.0418702813300509,6.811999952210468,4.7166486394751175,4.493944738389183,4.721655525112806,0.3914783350408599,Coherent Epitaxy (Ideal),0.0037727745656497,0.035,0.035,True,4.0,0.3,7.305,1.991,3.472755583540211e-16,112.08688115368824,500112.08688115363,1.1208688115368824e-12,5.001120868811536e-09,4461.8253423915285
Ba2ZnS3,Ba2Mn(BO2)6,0.536307242555562,0.49590924,0.630569249534419,72.84583673527388,1.9616,2.222661685936353,3.9824,1.9616,1.446353174333333,-1.0418702813300509,6.811999952210468,4.7166486394751175,4.493944738389183,4.721655525112806,0.3914783350408599,Coherent Epitaxy (Ideal),0.0037727745656497,0.035,0.035,True,4.0,0.4,7.305,1.991,1.6618823675891287e-14,112.08688115368824,500112.08688115363,1.1208688115368824e-12,5.001120868811536e-09,4461.8253423915285
Ba2ZnS3,Ba2Mn(BO2)6,0.536307242555562,0.49590924,0.630569249534419,72.84583673527388,1.9616,2.222661685936353,3.9824,1.9616,1.446353174333333,-1.0418702813300509,6.811999952210468,4.7166486394751175,4.493944738389183,4.721655525112806,0.3914783350408599,Coherent Epitaxy (Ideal),0.0037727745656497,0.035,0.035,True,5.0,0.2,7.305,1.991,7.256850170752504e-18,0.3418416783242284,400000.3418416783,3.418416783242284e-15,4.000003418416783e-09,1170133.3313203775
Ba2ZnS3,Ba2Mn(BO2)6,0.536307242555562,0.49590924,0.630569249534419,72.84583673527388,1.9616,2.222661685936353,3.9824,1.9616,1.446353174333333,-1.0418702813300509,6.811999952210468,4.7166486394751175,4.493944738389183,4.721655525112806,0.3914783350408599,Coherent Epitaxy (Ideal),0.0037727745656497,0.035,0.035,True,5.0,0.3,7.305,1.991,3.472755583540211e-16,0.3418416783242284,400000.3418416783,3.418416783242284e-15,4.000003418416783e-09,1170133.3313203775
Ba2ZnS3,Ba2Mn(BO2)6,0.536307242555562,0.49590924,0.630569249534419,72.84583673527388,1.9616,2.222661685936353,3.9824,1.9616,1.446353174333333,-1.0418702813300509,6.811999952210468,4.7166486394751175,4.493944738389183,4.721655525112806,0.3914783350408599,Coherent Epitaxy (Ideal),0.0037727745656497,0.035,0.035,True,5.0,0.4,7.305,1.991,1.6618823675891287e-14,0.3418416783242284,400000.3418416783,3.418416783242284e-15,4.000003418416783e-09,1170133.3313203775
Ba2ZnS3,Ba2Mn(BO2)6,0.536307242555562,0.49590924,0.630569249534419,72.84583673527388,1.9616,2.222661685936353,3.9824,1.9616,1.446353174333333,-1.0418702813300509,6.811999952210468,4.7166486394751175,4.493944738389183,4.721655525112806,0.3914783350408599,Coherent Epitaxy (Ideal),0.0037727745656497,0.035,0.035,True,6.0,0.2,7.305,1.991,7.256850170752504e-18,0.0011540751066857378,333333.3344874084,1.1540751066857378e-17,3.333333344874084e-09,288831578.2537516
Ba2ZnS3,Ba2Mn(BO2)6,0.536307242555562,0.49590924,0.630569249534419,72.84583673527388,1.9616,2.222661685936353,3.9824,1.9616,1.446353174333333,-1.0418702813300509,6.811999952210468,4.7166486394751175,4.493944738389183,4.721655525112806,0.3914783350408599,Coherent Epitaxy (Ideal),0.0037727745656497,0.035,0.035,True,6.0,0.3,7.305,1.991,3.472755583540211e-16,0.0011540751066857378,333333.3344874084,1.1540751066857378e-17,3.333333344874084e-09,288831578.2537516
Ba2ZnS3,Ba2Mn(BO2)6,0.536307242555562,0.49590924,0.630569249534419,72.84583673527388,1.9616,2.222661685936353,3.9824,1.9616,1.446353174333333,-1.0418702813300509,6.811999952210468,4.7166486394751175,4.493944738389183,4.721655525112806,0.3914783350408599,Coherent Epitaxy (Ideal),0.0037727745656497,0.035,0.035,True,6.0,0.4,7.305,1.991,1.6618823675891287e-14,0.0011540751066857378,333333.3344874084,1.1540751066857378e-17,3.333333344874084e-09,288831578.2537516
Ba3WN4,Ba2TeP2O9,0.5007376410752793,0.48281166,0.5425649014414219,87.62390247170657,1.4721999999999995,2.168894062139744,3.4372,1.4721999999999995,1.4977095116666668,-1.7699839306260623,5.889069307116015,4.728892036002909,4.53925138527649,4.010255452706693,0.3832670213334839,Coherent Epitaxy (Ideal),0.025,0.0,0.025,True,2.0,0.2,9.464,1.719,7.256850170752504e-18,10000000.0,10000000.0,1e-07,1e-07,1.0
Ba3WN4,Ba2TeP2O9,0.5007376410752793,0.48281166,0.5425649014414219,87.62390247170657,1.4721999999999995,2.168894062139744,3.4372,1.4721999999999995,1.4977095116666668,-1.7699839306260623,5.889069307116015,4.728892036002909,4.53925138527649,4.010255452706693,0.3832670213334839,Coherent Epitaxy (Ideal),0.025,0.0,0.025,True,2.0,0.3,9.464,1.719,3.472755583540211e-16,10000000.0,10000000.0,1e-07,1e-07,1.0
Ba3WN4,Ba2TeP2O9,0.5007376410752793,0.48281166,0.5425649014414219,87.62390247170657,1.4721999999999995,2.168894062139744,3.4372,1.4721999999999995,1.4977095116666668,-1.7699839306260623,5.889069307116015,4.728892036002909,4.53925138527649,4.010255452706693,0.3832670213334839,Coherent Epitaxy (Ideal),0.025,0.0,0.025,True,2.0,0.4,9.464,1.719,1.6618823675891287e-14,10000000.0,10000000.0,1e-07,1e-07,1.0
Ba3WN4,Ba2TeP2O9,0.5007376410752793,0.48281166,0.5425649014414219,87.62390247170657,1.4721999999999995,2.168894062139744,3.4372,1.4721999999999995,1.4977095116666668,-1.7699839306260623,5.889069307116015,4.728892036002909,4.53925138527649,4.010255452706693,0.3832670213334839,Coherent Epitaxy (Ideal),0.025,0.0,0.025,True,3.0,0.2,9.464,1.719,7.256850170752504e-18,1282569.083940937,1949235.7506076037,1.282569083940937e-08,1.949235750607604e-08,1.519790064343518
Ba3WN4,Ba2TeP2O9,0.5007376410752793,0.48281166,0.5425649014414219,87.62390247170657,1.4721999999999995,2.168894062139744,3.4372,1.4721999999999995,1.4977095116666668,-1.7699839306260623,5.889069307116015,4.728892036002909,4.53925138527649,4.010255452706693,0.3832670213334839,Coherent Epitaxy (Ideal),0.025,0.0,0.025,True,3.0,0.3,9.464,1.719,3.472755583540211e-16,1282569.083940937,1949235.7506076037,1.282569083940937e-08,1.949235750607604e-08,1.519790064343518
Ba3WN4,Ba2TeP2O9,0.5007376410752793,0.48281166,0.5425649014414219,87.62390247170657,1.4721999999999995,2.168894062139744,3.4372,1.4721999999999995,1.4977095116666668,-1.7699839306260623,5.889069307116015,4.728892036002909,4.53925138527649,4.010255452706693,0.3832670213334839,Coherent Epitaxy (Ideal),0.025,0.0,0.025,True,3.0,0.4,9.464,1.719,1.6618823675891287e-14,1282569.083940937,1949235.7506076037,1.282569083940937e-08,1.949235750607604e-08,1.519790064343518
Ba3WN4,Ba2TeP2O9,0.5007376410752793,0.48281166,0.5425649014414219,87.62390247170657,1.4721999999999995,2.168894062139744,3.4372,1.4721999999999995,1.4977095116666668,-1.7699839306260623,5.889069307116015,4.728892036002909,4.53925138527649,4.010255452706693,0.3832670213334839,Coherent Epitaxy (Ideal),0.025,0.0,0.025,True,4.0,0.2,9.464,1.719,7.256850170752504e-18,10656.372111850398,510656.37211185036,1.0656372111850398e-10,5.106563721118504e-09,47.92028344655645
Ba3WN4,Ba2TeP2O9,0.5007376410752793,0.48281166,0.5425649014414219,87.62390247170657,1.4721999999999995,2.168894062139744,3.4372,1.4721999999999995,1.4977095116666668,-1.7699839306260623,5.889069307116015,4.728892036002909,4.53925138527649,4.010255452706693,0.3832670213334839,Coherent Epitaxy (Ideal),0.025,0.0,0.025,True,4.0,0.3,9.464,1.719,3.472755583540211e-16,10656.372111850398,510656.37211185036,1.0656372111850398e-10,5.106563721118504e-09,47.92028344655645
Ba3WN4,Ba2TeP2O9,0.5007376410752793,0.48281166,0.5425649014414219,87.62390247170657,1.4721999999999995,2.168894062139744,3.4372,1.4721999999999995,1.4977095116666668,-1.7699839306260623,5.889069307116015,4.728892036002909,4.53925138527649,4.010255452706693,0.3832670213334839,Coherent Epitaxy (Ideal),0.025,0.0,0.025,True,4.0,0.4,9.464,1.719,1.6618823675891287e-14,10656.372111850398,510656.37211185036,1.0656372111850398e-10,5.106563721118504e-09,47.92028344655645
Ba3WN4,Ba2TeP2O9,0.5007376410752793,0.48281166,0.5425649014414219,87.62390247170657,1.4721999999999995,2.168894062139744,3.4372,1.4721999999999995,1.4977095116666668,-1.7699839306260623,5.889069307116015,4.728892036002909,4.53925138527649,4.010255452706693,0.3832670213334839,Coherent Epitaxy (Ideal),0.025,0.0,0.025,True,5.0,0.2,9.464,1.719,7.256850170752504e-18,100.75387748639821,400100.7538774864,1.0075387748639822e-12,4.001007538774864e-09,3971.0705320646352
Ba3WN4,Ba2TeP2O9,0.5007376410752793,0.48281166,0.5425649014414219,87.62390247170657,1.4721999999999995,2.168894062139744,3.4372,1.4721999999999995,1.4977095116666668,-1.7699839306260623,5.889069307116015,4.728892036002909,4.53925138527649,4.010255452706693,0.3832670213334839,Coherent Epitaxy (Ideal),0.025,0.0,0.025,True,5.0,0.3,9.464,1.719,3.472755583540211e-16,100.75387748639821,400100.7538774864,1.0075387748639822e-12,4.001007538774864e-09,3971.0705320646352
Ba3WN4,Ba2TeP2O9,0.5007376410752793,0.48281166,0.5425649014414219,87.62390247170657,1.4721999999999995,2.168894062139744,3.4372,1.4721999999999995,1.4977095116666668,-1.7699839306260623,5.889069307116015,4.728892036002909,4.53925138527649,4.010255452706693,0.3832670213334839,Coherent Epitaxy (Ideal),0.025,0.0,0.025,True,5.0,0.4,9.464,1.719,1.6618823675891287e-14,100.75387748639821,400100.7538774864,1.0075387748639822e-12,4.001007538774864e-09,3971.0705320646352
Ba3WN4,Ba2TeP2O9,0.5007376410752793,0.48281166,0.5425649014414219,87.62390247170657,1.4721999999999995,2.168894062139744,3.4372,1.4721999999999995,1.4977095116666668,-1.7699839306260623,5.889069307116015,4.728892036002909,4.53925138527649,4.010255452706693,0.3832670213334839,Coherent Epitaxy (Ideal),0.025,0.0,0.025,True,6.0,0.2,9.464,1.719,7.256850170752504e-18,1.0337374852725638,333334.3670708186,1.0337374852725638e-14,3.333343670708186e-09,322455.5284293758
Ba3WN4,Ba2TeP2O9,0.5007376410752793,0.48281166,0.5425649014414219,87.62390247170657,1.4721999999999995,2.168894062139744,3.4372,1.4721999999999995,1.4977095116666668,-1.7699839306260623,5.889069307116015,4.728892036002909,4.53925138527649,4.010255452706693,0.3832670213334839,Coherent Epitaxy (Ideal),0.025,0.0,0.025,True,6.0,0.3,9.464,1.719,3.472755583540211e-16,1.0337374852725638,333334.3670708186,1.0337374852725638e-14,3.333343670708186e-09,322455.5284293758
Ba3WN4,Ba2TeP2O9,0.5007376410752793,0.48281166,0.5425649014414219,87.62390247170657,1.4721999999999995,2.168894062139744,3.4372,1.4721999999999995,1.4977095116666668,-1.7699839306260623,5.889069307116015,4.728892036002909,4.53925138527649,4.010255452706693,0.3832670213334839,Coherent Epitaxy (Ideal),0.025,0.0,0.025,True,6.0,0.4,9.464,1.719,1.6618823675891287e-14,1.0337374852725638,333334.3670708186,1.0337374852725638e-14,3.333343670708186e-09,322455.5284293758
Ba3MoN4,B5Pb2ClO9,0.5224765879741554,0.4927791,0.5917707227439499,79.91156368915222,1.6385,2.055724189241784,3.4890000000000003,1.6385,1.5333421353333334,-1.5063232293504898,6.186376375542222,4.756657482431492,4.534354973530231,4.673502553470065,0.3826089075007362,Coherent Epitaxy (Ideal),0.025,0.0,0.025,True,2.0,0.2,9.215,1.745,7.256850170752504e-18,10000000.0,10000000.0,1e-07,1e-07,1.0
Ba3MoN4,B5Pb2ClO9,0.5224765879741554,0.4927791,0.5917707227439499,79.91156368915222,1.6385,2.055724189241784,3.4890000000000003,1.6385,1.5333421353333334,-1.5063232293504898,6.186376375542222,4.756657482431492,4.534354973530231,4.673502553470065,0.3826089075007362,Coherent Epitaxy (Ideal),0.025,0.0,0.025,True,2.0,0.3,9.215,1.745,3.472755583540211e-16,10000000.0,10000000.0,1e-07,1e-07,1.0
Ba3MoN4,B5Pb2ClO9,0.5224765879741554,0.4927791,0.5917707227439499,79.91156368915222,1.6385,2.055724189241784,3.4890000000000003,1.6385,1.5333421353333334,-1.5063232293504898,6.186376375542222,4.756657482431492,4.534354973530231,4.673502553470065,0.3826089075007362,Coherent Epitaxy (Ideal),0.025,0.0,0.025,True,2.0,0.4,9.215,1.745,1.6618823675891287e-14,10000000.0,10000000.0,1e-07,1e-07,1.0
Ba3MoN4,B5Pb2ClO9,0.5224765879741554,0.4927791,0.5917707227439499,79.91156368915222,1.6385,2.055724189241784,3.4890000000000003,1.6385,1.5333421353333334,-1.5063232293504898,6.186376375542222,4.756657482431492,4.534354973530231,4.673502553470065,0.3826089075007362,Coherent Epitaxy (Ideal),0.025,0.0,0.025,True,3.0,0.2,9.215,1.745,7.256850170752504e-18,946760.4477302935,1613427.11439696,9.467604477302935e-09,1.61342711439696e-08,1.7041555952880088
Ba3MoN4,B5Pb2ClO9,0.5224765879741554,0.4927791,0.5917707227439499,79.91156368915222,1.6385,2.055724189241784,3.4890000000000003,1.6385,1.5333421353333334,-1.5063232293504898,6.186376375542222,4.756657482431492,4.534354973530231,4.673502553470065,0.3826089075007362,Coherent Epitaxy (Ideal),0.025,0.0,0.025,True,3.0,0.3,9.215,1.745,3.472755583540211e-16,946760.4477302935,1613427.11439696,9.467604477302935e-09,1.61342711439696e-08,1.7041555952880088
Ba3MoN4,B5Pb2ClO9,0.5224765879741554,0.4927791,0.5917707227439499,79.91156368915222,1.6385,2.055724189241784,3.4890000000000003,1.6385,1.5333421353333334,-1.5063232293504898,6.186376375542222,4.756657482431492,4.534354973530231,4.673502553470065,0.3826089075007362,Coherent Epitaxy (Ideal),0.025,0.0,0.025,True,3.0,0.4,9.215,1.745,1.6618823675891287e-14,946760.4477302935,1613427.11439696,9.467604477302935e-09,1.61342711439696e-08,1.7041555952880088
Ba3MoN4,B5Pb2ClO9,0.5224765879741554,0.4927791,0.5917707227439499,79.91156368915222,1.6385,2.055724189241784,3.4890000000000003,1.6385,1.5333421353333334,-1.5063232293504898,6.186376375542222,4.756657482431492,4.534354973530231,4.673502553470065,0.3826089075007362,Coherent Epitaxy (Ideal),0.025,0.0,0.025,True,4.0,0.2,9.215,1.745,7.256850170752504e-18,7146.759964372272,507146.7599643722,7.146759964372272e-11,5.071467599643722e-09,70.96177323606487
Ba3MoN4,B5Pb2ClO9,0.5224765879741554,0.4927791,0.5917707227439499,79.91156368915222,1.6385,2.055724189241784,3.4890000000000003,1.6385,1.5333421353333334,-1.5063232293504898,6.186376375542222,4.756657482431492,4.534354973530231,4.673502553470065,0.3826089075007362,Coherent Epitaxy (Ideal),0.025,0.0,0.025,True,4.0,0.3,9.215,1.745,3.472755583540211e-16,7146.759964372272,507146.7599643722,7.146759964372272e-11,5.071467599643722e-09,70.96177323606487
Ba3MoN4,B5Pb2ClO9,0.5224765879741554,0.4927791,0.5917707227439499,79.91156368915222,1.6385,2.055724189241784,3.4890000000000003,1.6385,1.5333421353333334,-1.5063232293504898,6.186376375542222,4.756657482431492,4.534354973530231,4.673502553470065,0.3826089075007362,Coherent Epitaxy (Ideal),0.025,0.0,0.025,True,4.0,0.4,9.215,1.745,1.6618823675891287e-14,7146.759964372272,507146.7599643722,7.146759964372272e-11,5.071467599643722e-09,70.96177323606487
Ba3MoN4,B5Pb2ClO9,0.5224765879741554,0.4927791,0.5917707227439499,79.91156368915222,1.6385,2.055724189241784,3.4890000000000003,1.6385,1.5333421353333334,-1.5063232293504898,6.186376375542222,4.756657482431492,4.534354973530231,4.673502553470065,0.3826089075007362,Coherent Epitaxy (Ideal),0.025,0.0,0.025,True,5.0,0.2,9.215,1.745,7.256850170752504e-18,61.3978221150706,400061.39782211505,6.13978221150706e-13,4.000613978221151e-09,6515.889066428574
Ba3MoN4,B5Pb2ClO9,0.5224765879741554,0.4927791,0.5917707227439499,79.91156368915222,1.6385,2.055724189241784,3.4890000000000003,1.6385,1.5333421353333334,-1.5063232293504898,6.186376375542222,4.756657482431492,4.534354973530231,4.673502553470065,0.3826089075007362,Coherent Epitaxy (Ideal),0.025,0.0,0.025,True,5.0,0.3,9.215,1.745,3.472755583540211e-16,61.3978221150706,400061.39782211505,6.13978221150706e-13,4.000613978221151e-09,6515.889066428574
Ba3MoN4,B5Pb2ClO9,0.5224765879741554,0.4927791,0.5917707227439499,79.91156368915222,1.6385,2.055724189241784,3.4890000000000003,1.6385,1.5333421353333334,-1.5063232293504898,6.186376375542222,4.756657482431492,4.534354973530231,4.673502553470065,0.3826089075007362,Coherent Epitaxy (Ideal),0.025,0.0,0.025,True,5.0,0.4,9.215,1.745,1.6618823675891287e-14,61.3978221150706,400061.39782211505,6.13978221150706e-13,4.000613978221151e-09,6515.889066428574
Ba3MoN4,B5Pb2ClO9,0.5224765879741554,0.4927791,0.5917707227439499,79.91156368915222,1.6385,2.055724189241784,3.4890000000000003,1.6385,1.5333421353333334,-1.5063232293504898,6.186376375542222,4.756657482431492,4.534354973530231,4.673502553470065,0.3826089075007362,Coherent Epitaxy (Ideal),0.025,0.0,0.025,True,6.0,0.2,9.215,1.745,7.256850170752504e-18,0.5724310637823916,333333.9057643971,5.724310637823916e-15,3.333339057643971e-09,582312.747952325
Ba3MoN4,B5Pb2ClO9,0.5224765879741554,0.4927791,0.5917707227439499,79.91156368915222,1.6385,2.055724189241784,3.4890000000000003,1.6385,1.5333421353333334,-1.5063232293504898,6.186376375542222,4.756657482431492,4.534354973530231,4.673502553470065,0.3826089075007362,Coherent Epitaxy (Ideal),0.025,0.0,0.025,True,6.0,0.3,9.215,1.745,3.472755583540211e-16,0.5724310637823916,333333.9057643971,5.724310637823916e-15,3.333339057643971e-09,582312.747952325
Ba3MoN4,B5Pb2ClO9,0.5224765879741554,0.4927791,0.5917707227439499,79.91156368915222,1.6385,2.055724189241784,3.4890000000000003,1.6385,1.5333421353333334,-1.5063232293504898,6.186376375542222,4.756657482431492,4.534354973530231,4.673502553470065,0.3826089075007362,Coherent Epitaxy (Ideal),0.025,0.0,0.025,True,6.0,0.4,9.215,1.745,1.6618823675891287e-14,0.5724310637823916,333333.9057643971,5.724310637823916e-15,3.333339057643971e-09,582312.747952325
Ba2LiReN4,B5Pb2BrO9,0.5225088524106696,0.492417,0.5927231667053547,79.6298345801913,1.6151000000000004,1.9926160104785489,3.4053000000000004,1.6151000000000004,1.4600078583333334,-1.54131951759191,6.38835137991135,4.773444910098714,4.542338744187374,4.841496450967965,0.3783711136175012,Coherent Epitaxy (Ideal),0.0,0.0,0.0,True,2.0,0.2,9.624,1.703,7.256850170752504e-18,10000000.0,10000000.0,1e-07,1e-07,1.0
Ba2LiReN4,B5Pb2BrO9,0.5225088524106696,0.492417,0.5927231667053547,79.6298345801913,1.6151000000000004,1.9926160104785489,3.4053000000000004,1.6151000000000004,1.4600078583333334,-1.54131951759191,6.38835137991135,4.773444910098714,4.542338744187374,4.841496450967965,0.3783711136175012,Coherent Epitaxy (Ideal),0.0,0.0,0.0,True,2.0,0.3,9.624,1.703,3.472755583540211e-16,10000000.0,10000000.0,1e-07,1e-07,1.0
Ba2LiReN4,B5Pb2BrO9,0.5225088524106696,0.492417,0.5927231667053547,79.6298345801913,1.6151000000000004,1.9926160104785489,3.4053000000000004,1.6151000000000004,1.4600078583333334,-1.54131951759191,6.38835137991135,4.773444910098714,4.542338744187374,4.841496450967965,0.3783711136175012,Coherent Epitaxy (Ideal),0.0,0.0,0.0,True,2.0,0.4,9.624,1.703,1.6618823675891287e-14,10000000.0,10000000.0,1e-07,1e-07,1.0
Ba2LiReN4,B5Pb2BrO9,0.5225088524106696,0.492417,0.5927231667053547,79.6298345801913,1.6151000000000004,1.9926160104785489,3.4053000000000004,1.6151000000000004,1.4600078583333334,-1.54131951759191,6.38835137991135,4.773444910098714,4.542338744187374,4.841496450967965,0.3783711136175012,Coherent Epitaxy (Ideal),0.0,0.0,0.0,True,3.0,0.2,9.624,1.703,7.256850170752504e-18,1544212.8524598095,2210879.5191264763,1.5442128524598095e-08,2.210879519126476e-08,1.4317194132950772
Ba2LiReN4,B5Pb2BrO9,0.5225088524106696,0.492417,0.5927231667053547,79.6298345801913,1.6151000000000004,1.9926160104785489,3.4053000000000004,1.6151000000000004,1.4600078583333334,-1.54131951759191,6.38835137991135,4.773444910098714,4.542338744187374,4.841496450967965,0.3783711136175012,Coherent Epitaxy (Ideal),0.0,0.0,0.0,True,3.0,0.3,9.624,1.703,3.472755583540211e-16,1544212.8524598095,2210879.5191264763,1.5442128524598095e-08,2.210879519126476e-08,1.4317194132950772
Ba2LiReN4,B5Pb2BrO9,0.5225088524106696,0.492417,0.5927231667053547,79.6298345801913,1.6151000000000004,1.9926160104785489,3.4053000000000004,1.6151000000000004,1.4600078583333334,-1.54131951759191,6.38835137991135,4.773444910098714,4.542338744187374,4.841496450967965,0.3783711136175012,Coherent Epitaxy (Ideal),0.0,0.0,0.0,True,3.0,0.4,9.624,1.703,1.6618823675891287e-14,1544212.8524598095,2210879.5191264763,1.5442128524598095e-08,2.210879519126476e-08,1.4317194132950772
Ba2LiReN4,B5Pb2BrO9,0.5225088524106696,0.492417,0.5927231667053547,79.6298345801913,1.6151000000000004,1.9926160104785489,3.4053000000000004,1.6151000000000004,1.4600078583333334,-1.54131951759191,6.38835137991135,4.773444910098714,4.542338744187374,4.841496450967965,0.3783711136175012,Coherent Epitaxy (Ideal),0.0,0.0,0.0,True,4.0,0.2,9.624,1.703,7.256850170752504e-18,13605.242218046482,513605.24221804645,1.3605242218046483e-10,5.136052422180464e-09,37.75054012171735
Ba2LiReN4,B5Pb2BrO9,0.5225088524106696,0.492417,0.5927231667053547,79.6298345801913,1.6151000000000004,1.9926160104785489,3.4053000000000004,1.6151000000000004,1.4600078583333334,-1.54131951759191,6.38835137991135,4.773444910098714,4.542338744187374,4.841496450967965,0.3783711136175012,Coherent Epitaxy (Ideal),0.0,0.0,0.0,True,4.0,0.3,9.624,1.703,3.472755583540211e-16,13605.242218046482,513605.24221804645,1.3605242218046483e-10,5.136052422180464e-09,37.75054012171735
Ba2LiReN4,B5Pb2BrO9,0.5225088524106696,0.492417,0.5927231667053547,79.6298345801913,1.6151000000000004,1.9926160104785489,3.4053000000000004,1.6151000000000004,1.4600078583333334,-1.54131951759191,6.38835137991135,4.773444910098714,4.542338744187374,4.841496450967965,0.3783711136175012,Coherent Epitaxy (Ideal),0.0,0.0,0.0,True,4.0,0.4,9.624,1.703,1.6618823675891287e-14,13605.242218046482,513605.24221804645,1.3605242218046483e-10,5.136052422180464e-09,37.75054012171735
Ba2LiReN4,B5Pb2BrO9,0.5225088524106696,0.492417,0.5927231667053547,79.6298345801913,1.6151000000000004,1.9926160104785489,3.4053000000000004,1.6151000000000004,1.4600078583333334,-1.54131951759191,6.38835137991135,4.773444910098714,4.542338744187374,4.841496450967965,0.3783711136175012,Coherent Epitaxy (Ideal),0.0,0.0,0.0,True,5.0,0.2,9.624,1.703,7.256850170752504e-18,136.39847152536407,400136.39847152535,1.3639847152536407e-12,4.001363984715253e-09,2933.5841816755087
Ba2LiReN4,B5Pb2BrO9,0.5225088524106696,0.492417,0.5927231667053547,79.6298345801913,1.6151000000000004,1.9926160104785489,3.4053000000000004,1.6151000000000004,1.4600078583333334,-1.54131951759191,6.38835137991135,4.773444910098714,4.542338744187374,4.841496450967965,0.3783711136175012,Coherent Epitaxy (Ideal),0.0,0.0,0.0,True,5.0,0.3,9.624,1.703,3.472755583540211e-16,136.39847152536407,400136.39847152535,1.3639847152536407e-12,4.001363984715253e-09,2933.5841816755087
Ba2LiReN4,B5Pb2BrO9,0.5225088524106696,0.492417,0.5927231667053547,79.6298345801913,1.6151000000000004,1.9926160104785489,3.4053000000000004,1.6151000000000004,1.4600078583333334,-1.54131951759191,6.38835137991135,4.773444910098714,4.542338744187374,4.841496450967965,0.3783711136175012,Coherent Epitaxy (Ideal),0.0,0.0,0.0,True,5.0,0.4,9.624,1.703,1.6618823675891287e-14,136.39847152536407,400136.39847152535,1.3639847152536407e-12,4.001363984715253e-09,2933.5841816755087
Ba2LiReN4,B5Pb2BrO9,0.5225088524106696,0.492417,0.5927231667053547,79.6298345801913,1.6151000000000004,1.9926160104785489,3.4053000000000004,1.6151000000000004,1.4600078583333334,-1.54131951759191,6.38835137991135,4.773444910098714,4.542338744187374,4.841496450967965,0.3783711136175012,Coherent Epitaxy (Ideal),0.0,0.0,0.0,True,6.0,0.2,9.624,1.703,7.256850170752504e-18,1.4838747498048284,333334.8172080831,1.4838747498048284e-14,3.333348172080831e-09,224638.10860851032
Ba2LiReN4,B5Pb2BrO9,0.5225088524106696,0.492417,0.5927231667053547,79.6298345801913,1.6151000000000004,1.9926160104785489,3.4053000000000004,1.6151000000000004,1.4600078583333334,-1.54131951759191,6.38835137991135,4.773444910098714,4.542338744187374,4.841496450967965,0.3783711136175012,Coherent Epitaxy (Ideal),0.0,0.0,0.0,True,6.0,0.3,9.624,1.703,3.472755583540211e-16,1.4838747498048284,333334.8172080831,1.4838747498048284e-14,3.333348172080831e-09,224638.10860851032
Ba2LiReN4,B5Pb2BrO9,0.5225088524106696,0.492417,0.5927231667053547,79.6298345801913,1.6151000000000004,1.9926160104785489,3.4053000000000004,1.6151000000000004,1.4600078583333334,-1.54131951759191,6.38835137991135,4.773444910098714,4.542338744187374,4.841496450967965,0.3783711136175012,Coherent Epitaxy (Ideal),0.0,0.0,0.0,True,6.0,0.4,9.624,1.703,1.6618823675891287e-14,1.4838747498048284,333334.8172080831,1.4838747498048284e-14,3.333348172080831e-09,224638.10860851032
Ba2LiReO6,Ba3NaTaO6,0.5109886773897898,0.48365593,0.5747650889799634,81.1624020620617,1.5845999999999996,2.049963910215981,3.4044,1.5845999999999996,1.311190571910043,-0.3363794342996349,5.895535702629664,4.758148903941113,4.542426663622875,4.533742946538698,0.3776991209876079,Coherent Epitaxy (Ideal),0.0,0.0,0.0,True,2.0,0.2,9.628,1.702,7.256850170752504e-18,10000000.0,10000000.0,1e-07,1e-07,1.0
Ba2LiReO6,Ba3NaTaO6,0.5109886773897898,0.48365593,0.5747650889799634,81.1624020620617,1.5845999999999996,2.049963910215981,3.4044,1.5845999999999996,1.311190571910043,-0.3363794342996349,5.895535702629664,4.758148903941113,4.542426663622875,4.533742946538698,0.3776991209876079,Coherent Epitaxy (Ideal),0.0,0.0,0.0,True,2.0,0.3,9.628,1.702,3.472755583540211e-16,10000000.0,10000000.0,1e-07,1e-07,1.0
Ba2LiReO6,Ba3NaTaO6,0.5109886773897898,0.48365593,0.5747650889799634,81.1624020620617,1.5845999999999996,2.049963910215981,3.4044,1.5845999999999996,1.311190571910043,-0.3363794342996349,5.895535702629664,4.758148903941113,4.542426663622875,4.533742946538698,0.3776991209876079,Coherent Epitaxy (Ideal),0.0,0.0,0.0,True,2.0,0.4,9.628,1.702,1.6618823675891287e-14,10000000.0,10000000.0,1e-07,1e-07,1.0
Ba2LiReO6,Ba3NaTaO6,0.5109886773897898,0.48365593,0.5747650889799634,81.1624020620617,1.5845999999999996,2.049963910215981,3.4044,1.5845999999999996,1.311190571910043,-0.3363794342996349,5.895535702629664,4.758148903941113,4.542426663622875,4.533742946538698,0.3776991209876079,Coherent Epitaxy (Ideal),0.0,0.0,0.0,True,3.0,0.2,9.628,1.702,7.256850170752504e-18,1552301.2619797627,2218967.9286464294,1.552301261979763e-08,2.2189679286464295e-08,1.4294698993006154
Ba2LiReO6,Ba3NaTaO6,0.5109886773897898,0.48365593,0.5747650889799634,81.1624020620617,1.5845999999999996,2.049963910215981,3.4044,1.5845999999999996,1.311190571910043,-0.3363794342996349,5.895535702629664,4.758148903941113,4.542426663622875,4.533742946538698,0.3776991209876079,Coherent Epitaxy (Ideal),0.0,0.0,0.0,True,3.0,0.3,9.628,1.702,3.472755583540211e-16,1552301.2619797627,2218967.9286464294,1.552301261979763e-08,2.2189679286464295e-08,1.4294698993006154
Ba2LiReO6,Ba3NaTaO6,0.5109886773897898,0.48365593,0.5747650889799634,81.1624020620617,1.5845999999999996,2.049963910215981,3.4044,1.5845999999999996,1.311190571910043,-0.3363794342996349,5.895535702629664,4.758148903941113,4.542426663622875,4.533742946538698,0.3776991209876079,Coherent Epitaxy (Ideal),0.0,0.0,0.0,True,3.0,0.4,9.628,1.702,1.6618823675891287e-14,1552301.2619797627,2218967.9286464294,1.552301261979763e-08,2.2189679286464295e-08,1.4294698993006154
Ba2LiReO6,Ba3NaTaO6,0.5109886773897898,0.48365593,0.5747650889799634,81.1624020620617,1.5845999999999996,2.049963910215981,3.4044,1.5845999999999996,1.311190571910043,-0.3363794342996349,5.895535702629664,4.758148903941113,4.542426663622875,4.533742946538698,0.3776991209876079,Coherent Epitaxy (Ideal),0.0,0.0,0.0,True,4.0,0.2,9.628,1.702,7.256850170752504e-18,13699.091744387264,513699.09174438723,1.3699091744387263e-10,5.136990917443872e-09,37.49877008852488
Ba2LiReO6,Ba3NaTaO6,0.5109886773897898,0.48365593,0.5747650889799634,81.1624020620617,1.5845999999999996,2.049963910215981,3.4044,1.5845999999999996,1.311190571910043,-0.3363794342996349,5.895535702629664,4.758148903941113,4.542426663622875,4.533742946538698,0.3776991209876079,Coherent Epitaxy (Ideal),0.0,0.0,0.0,True,4.0,0.3,9.628,1.702,3.472755583540211e-16,13699.091744387264,513699.09174438723,1.3699091744387263e-10,5.136990917443872e-09,37.49877008852488
Ba2LiReO6,Ba3NaTaO6,0.5109886773897898,0.48365593,0.5747650889799634,81.1624020620617,1.5845999999999996,2.049963910215981,3.4044,1.5845999999999996,1.311190571910043,-0.3363794342996349,5.895535702629664,4.758148903941113,4.542426663622875,4.533742946538698,0.3776991209876079,Coherent Epitaxy (Ideal),0.0,0.0,0.0,True,4.0,0.4,9.628,1.702,1.6618823675891287e-14,13699.091744387264,513699.09174438723,1.3699091744387263e-10,5.136990917443872e-09,37.49877008852488
Ba2LiReO6,Ba3NaTaO6,0.5109886773897898,0.48365593,0.5747650889799634,81.1624020620617,1.5845999999999996,2.049963910215981,3.4044,1.5845999999999996,1.311190571910043,-0.3363794342996349,5.895535702629664,4.758148903941113,4.542426663622875,4.533742946538698,0.3776991209876079,Coherent Epitaxy (Ideal),0.0,0.0,0.0,True,5.0,0.2,9.628,1.702,7.256850170752504e-18,137.56602452044356,400137.56602452043,1.3756602452044357e-12,4.001375660245205e-09,2908.694697105653
Ba2LiReO6,Ba3NaTaO6,0.5109886773897898,0.48365593,0.5747650889799634,81.1624020620617,1.5845999999999996,2.049963910215981,3.4044,1.5845999999999996,1.311190571910043,-0.3363794342996349,5.895535702629664,4.758148903941113,4.542426663622875,4.533742946538698,0.3776991209876079,Coherent Epitaxy (Ideal),0.0,0.0,0.0,True,5.0,0.3,9.628,1.702,3.472755583540211e-16,137.56602452044356,400137.56602452043,1.3756602452044357e-12,4.001375660245205e-09,2908.694697105653
Ba2LiReO6,Ba3NaTaO6,0.5109886773897898,0.48365593,0.5747650889799634,81.1624020620617,1.5845999999999996,2.049963910215981,3.4044,1.5845999999999996,1.311190571910043,-0.3363794342996349,5.895535702629664,4.758148903941113,4.542426663622875,4.533742946538698,0.3776991209876079,Coherent Epitaxy (Ideal),0.0,0.0,0.0,True,5.0,0.4,9.628,1.702,1.6618823675891287e-14,137.56602452044356,400137.56602452043,1.3756602452044357e-12,4.001375660245205e-09,2908.694697105653
Ba2LiReO6,Ba3NaTaO6,0.5109886773897898,0.48365593,0.5747650889799634,81.1624020620617,1.5845999999999996,2.049963910215981,3.4044,1.5845999999999996,1.311190571910043,-0.3363794342996349,5.895535702629664,4.758148903941113,4.542426663622875,4.533742946538698,0.3776991209876079,Coherent Epitaxy (Ideal),0.0,0.0,0.0,True,6.0,0.2,9.628,1.702,7.256850170752504e-18,1.4990456019100877,333334.83237893524,1.4990456019100876e-14,3.3333483237893523e-09,222364.70455214914
Ba2LiReO6,Ba3NaTaO6,0.5109886773897898,0.48365593,0.5747650889799634,81.1624020620617,1.5845999999999996,2.049963910215981,3.4044,1.5845999999999996,1.311190571910043,-0.3363794342996349,5.895535702629664,4.758148903941113,4.542426663622875,4.533742946538698,0.3776991209876079,Coherent Epitaxy (Ideal),0.0,0.0,0.0,True,6.0,0.3,9.628,1.702,3.472755583540211e-16,1.4990456019100877,333334.83237893524,1.4990456019100876e-14,3.3333483237893523e-09,222364.70455214914
Ba2LiReO6,Ba3NaTaO6,0.5109886773897898,0.48365593,0.5747650889799634,81.1624020620617,1.5845999999999996,2.049963910215981,3.4044,1.5845999999999996,1.311190571910043,-0.3363794342996349,5.895535702629664,4.758148903941113,4.542426663622875,4.533742946538698,0.3776991209876079,Coherent Epitaxy (Ideal),0.0,0.0,0.0,True,6.0,0.4,9.628,1.702,1.6618823675891287e-14,1.4990456019100877,333334.83237893524,1.4990456019100876e-14,3.3333483237893523e-09,222364.70455214914
Al2BiSe4,Ba3Ge2(B3O8)2,0.491808258738156,0.47996435,0.519444026039825,91.77445560269996,1.9355,2.4450266823483884,4.1759,1.9355,1.517128058333333,-2.019924101064814,6.050979777851442,4.671507826744165,4.480642671718235,4.085729107275286,0.3745431370490321,Coherent Epitaxy (Ideal),0.0,0.035,0.035,True,2.0,0.2,6.735,2.088,7.256850170752504e-18,10000000.0,10000000.0,1e-07,1e-07,1.0
Al2BiSe4,Ba3Ge2(B3O8)2,0.491808258738156,0.47996435,0.519444026039825,91.77445560269996,1.9355,2.4450266823483884,4.1759,1.9355,1.517128058333333,-2.019924101064814,6.050979777851442,4.671507826744165,4.480642671718235,4.085729107275286,0.3745431370490321,Coherent Epitaxy (Ideal),0.0,0.035,0.035,True,2.0,0.3,6.735,2.088,3.472755583540211e-16,10000000.0,10000000.0,1e-07,1e-07,1.0
Al2BiSe4,Ba3Ge2(B3O8)2,0.491808258738156,0.47996435,0.519444026039825,91.77445560269996,1.9355,2.4450266823483884,4.1759,1.9355,1.517128058333333,-2.019924101064814,6.050979777851442,4.671507826744165,4.480642671718235,4.085729107275286,0.3745431370490321,Coherent Epitaxy (Ideal),0.0,0.035,0.035,True,2.0,0.4,6.735,2.088,1.6618823675891287e-14,10000000.0,10000000.0,1e-07,1e-07,1.0
Al2BiSe4,Ba3Ge2(B3O8)2,0.491808258738156,0.47996435,0.519444026039825,91.77445560269996,1.9355,2.4450266823483884,4.1759,1.9355,1.517128058333333,-2.019924101064814,6.050979777851442,4.671507826744165,4.480642671718235,4.085729107275286,0.3745431370490321,Coherent Epitaxy (Ideal),0.0,0.035,0.035,True,3.0,0.2,6.735,2.088,7.256850170752504e-18,17153.276672378215,683819.9433390448,1.7153276672378214e-10,6.838199433390448e-09,39.865266351133634
Al2BiSe4,Ba3Ge2(B3O8)2,0.491808258738156,0.47996435,0.519444026039825,91.77445560269996,1.9355,2.4450266823483884,4.1759,1.9355,1.517128058333333,-2.019924101064814,6.050979777851442,4.671507826744165,4.480642671718235,4.085729107275286,0.3745431370490321,Coherent Epitaxy (Ideal),0.0,0.035,0.035,True,3.0,0.3,6.735,2.088,3.472755583540211e-16,17153.276672378215,683819.9433390448,1.7153276672378214e-10,6.838199433390448e-09,39.865266351133634
Al2BiSe4,Ba3Ge2(B3O8)2,0.491808258738156,0.47996435,0.519444026039825,91.77445560269996,1.9355,2.4450266823483884,4.1759,1.9355,1.517128058333333,-2.019924101064814,6.050979777851442,4.671507826744165,4.480642671718235,4.085729107275286,0.3745431370490321,Coherent Epitaxy (Ideal),0.0,0.035,0.035,True,3.0,0.4,6.735,2.088,1.6618823675891287e-14,17153.276672378215,683819.9433390448,1.7153276672378214e-10,6.838199433390448e-09,39.865266351133634
Al2BiSe4,Ba3Ge2(B3O8)2,0.491808258738156,0.47996435,0.519444026039825,91.77445560269996,1.9355,2.4450266823483884,4.1759,1.9355,1.517128058333333,-2.019924101064814,6.050979777851442,4.671507826744165,4.480642671718235,4.085729107275286,0.3745431370490321,Coherent Epitaxy (Ideal),0.0,0.035,0.035,True,4.0,0.2,6.735,2.088,7.256850170752504e-18,28.488332415864157,500028.4883324158,2.848833241586416e-13,5.000284883324158e-09,17552.044852367962
Al2BiSe4,Ba3Ge2(B3O8)2,0.491808258738156,0.47996435,0.519444026039825,91.77445560269996,1.9355,2.4450266823483884,4.1759,1.9355,1.517128058333333,-2.019924101064814,6.050979777851442,4.671507826744165,4.480642671718235,4.085729107275286,0.3745431370490321,Coherent Epitaxy (Ideal),0.0,0.035,0.035,True,4.0,0.3,6.735,2.088,3.472755583540211e-16,28.488332415864157,500028.4883324158,2.848833241586416e-13,5.000284883324158e-09,17552.044852367962
Al2BiSe4,Ba3Ge2(B3O8)2,0.491808258738156,0.47996435,0.519444026039825,91.77445560269996,1.9355,2.4450266823483884,4.1759,1.9355,1.517128058333333,-2.019924101064814,6.050979777851442,4.671507826744165,4.480642671718235,4.085729107275286,0.3745431370490321,Coherent Epitaxy (Ideal),0.0,0.035,0.035,True,4.0,0.4,6.735,2.088,1.6618823675891287e-14,28.488332415864157,500028.4883324158,2.848833241586416e-13,5.000284883324158e-09,17552.044852367962
Al2BiSe4,Ba3Ge2(B3O8)2,0.491808258738156,0.47996435,0.519444026039825,91.77445560269996,1.9355,2.4450266823483884,4.1759,1.9355,1.517128058333333,-2.019924101064814,6.050979777851442,4.671507826744165,4.480642671718235,4.085729107275286,0.3745431370490321,Coherent Epitaxy (Ideal),0.0,0.035,0.035,True,5.0,0.2,6.735,2.088,7.256850170752504e-18,0.054133456395200355,400000.0541334564,5.413345639520035e-16,4.000000541334564e-09,7389146.763754802
Al2BiSe4,Ba3Ge2(B3O8)2,0.491808258738156,0.47996435,0.519444026039825,91.77445560269996,1.9355,2.4450266823483884,4.1759,1.9355,1.517128058333333,-2.019924101064814,6.050979777851442,4.671507826744165,4.480642671718235,4.085729107275286,0.3745431370490321,Coherent Epitaxy (Ideal),0.0,0.035,0.035,True,5.0,0.3,6.735,2.088,3.472755583540211e-16,0.054133456395200355,400000.0541334564,5.413345639520035e-16,4.000000541334564e-09,7389146.763754802
Al2BiSe4,Ba3Ge2(B3O8)2,0.491808258738156,0.47996435,0.519444026039825,91.77445560269996,1.9355,2.4450266823483884,4.1759,1.9355,1.517128058333333,-2.019924101064814,6.050979777851442,4.671507826744165,4.480642671718235,4.085729107275286,0.3745431370490321,Coherent Epitaxy (Ideal),0.0,0.035,0.035,True,5.0,0.4,6.735,2.088,1.6618823675891287e-14,0.054133456395200355,400000.0541334564,5.413345639520035e-16,4.000000541334564e-09,7389146.763754802
Al2BiSe4,Ba3Ge2(B3O8)2,0.491808258738156,0.47996435,0.519444026039825,91.77445560269996,1.9355,2.4450266823483884,4.1759,1.9355,1.517128058333333,-2.019924101064814,6.050979777851442,4.671507826744165,4.480642671718235,4.085729107275286,0.3745431370490321,Coherent Epitaxy (Ideal),0.0,0.035,0.035,True,6.0,0.2,6.735,2.088,7.256850170752504e-18,0.00011233540476537874,333333.33344566874,1.1233540476537873e-18,3.3333333344566873e-09,2967304334.211119
Al2BiSe4,Ba3Ge2(B3O8)2,0.491808258738156,0.47996435,0.519444026039825,91.77445560269996,1.9355,2.4450266823483884,4.1759,1.9355,1.517128058333333,-2.019924101064814,6.050979777851442,4.671507826744165,4.480642671718235,4.085729107275286,0.3745431370490321,Coherent Epitaxy (Ideal),0.0,0.035,0.035,True,6.0,0.3,6.735,2.088,3.472755583540211e-16,0.00011233540476537874,333333.33344566874,1.1233540476537873e-18,3.3333333344566873e-09,2967304334.211119
Al2BiSe4,Ba3Ge2(B3O8)2,0.491808258738156,0.47996435,0.519444026039825,91.77445560269996,1.9355,2.4450266823483884,4.1759,1.9355,1.517128058333333,-2.019924101064814,6.050979777851442,4.671507826744165,4.480642671718235,4.085729107275286,0.3745431370490321,Coherent Epitaxy (Ideal),0.0,0.035,0.035,True,6.0,0.4,6.735,2.088,1.6618823675891287e-14,0.00011233540476537874,333333.33344566874,1.1233540476537873e-18,3.3333333344566873e-09,2967304334.211119
Ba3WN4,Ba2Mn(BO2)6,0.5182448015847978,0.49846408,0.5643998537590691,86.77221107873332,2.0174,2.168894062139744,3.9824,2.0174,1.4977095116666668,-1.8696049278404647,6.69997442757852,4.728892036002909,4.493944738389183,4.968337103595951,0.3721232985170557,Coherent Epitaxy (Ideal),0.025,0.035,0.035,True,2.0,0.2,7.305,1.991,7.256850170752504e-18,10000000.0,10000000.0,1e-07,1e-07,1.0
Ba3WN4,Ba2Mn(BO2)6,0.5182448015847978,0.49846408,0.5643998537590691,86.77221107873332,2.0174,2.168894062139744,3.9824,2.0174,1.4977095116666668,-1.8696049278404647,6.69997442757852,4.728892036002909,4.493944738389183,4.968337103595951,0.3721232985170557,Coherent Epitaxy (Ideal),0.025,0.035,0.035,True,2.0,0.3,7.305,1.991,3.472755583540211e-16,10000000.0,10000000.0,1e-07,1e-07,1.0
Ba3WN4,Ba2Mn(BO2)6,0.5182448015847978,0.49846408,0.5643998537590691,86.77221107873332,2.0174,2.168894062139744,3.9824,2.0174,1.4977095116666668,-1.8696049278404647,6.69997442757852,4.728892036002909,4.493944738389183,4.968337103595951,0.3721232985170557,Coherent Epitaxy (Ideal),0.025,0.035,0.035,True,2.0,0.4,7.305,1.991,1.6618823675891287e-14,10000000.0,10000000.0,1e-07,1e-07,1.0
Ba3WN4,Ba2Mn(BO2)6,0.5182448015847978,0.49846408,0.5643998537590691,86.77221107873332,2.0174,2.168894062139744,3.9824,2.0174,1.4977095116666668,-1.8696049278404647,6.69997442757852,4.728892036002909,4.493944738389183,4.968337103595951,0.3721232985170557,Coherent Epitaxy (Ideal),0.025,0.035,0.035,True,3.0,0.2,7.305,1.991,7.256850170752504e-18,42797.56801541696,709464.2346820836,4.279756801541696e-10,7.094642346820836e-09,16.57720911680106
Ba3WN4,Ba2Mn(BO2)6,0.5182448015847978,0.49846408,0.5643998537590691,86.77221107873332,2.0174,2.168894062139744,3.9824,2.0174,1.4977095116666668,-1.8696049278404647,6.69997442757852,4.728892036002909,4.493944738389183,4.968337103595951,0.3721232985170557,Coherent Epitaxy (Ideal),0.025,0.035,0.035,True,3.0,0.3,7.305,1.991,3.472755583540211e-16,42797.56801541696,709464.2346820836,4.279756801541696e-10,7.094642346820836e-09,16.57720911680106
Ba3WN4,Ba2Mn(BO2)6,0.5182448015847978,0.49846408,0.5643998537590691,86.77221107873332,2.0174,2.168894062139744,3.9824,2.0174,1.4977095116666668,-1.8696049278404647,6.69997442757852,4.728892036002909,4.493944738389183,4.968337103595951,0.3721232985170557,Coherent Epitaxy (Ideal),0.025,0.035,0.035,True,3.0,0.4,7.305,1.991,1.6618823675891287e-14,42797.56801541696,709464.2346820836,4.279756801541696e-10,7.094642346820836e-09,16.57720911680106
Ba3WN4,Ba2Mn(BO2)6,0.5182448015847978,0.49846408,0.5643998537590691,86.77221107873332,2.0174,2.168894062139744,3.9824,2.0174,1.4977095116666668,-1.8696049278404647,6.69997442757852,4.728892036002909,4.493944738389183,4.968337103595951,0.3721232985170557,Coherent Epitaxy (Ideal),0.025,0.035,0.035,True,4.0,0.2,7.305,1.991,7.256850170752504e-18,112.08688115368824,500112.08688115363,1.1208688115368824e-12,5.001120868811536e-09,4461.8253423915285
Ba3WN4,Ba2Mn(BO2)6,0.5182448015847978,0.49846408,0.5643998537590691,86.77221107873332,2.0174,2.168894062139744,3.9824,2.0174,1.4977095116666668,-1.8696049278404647,6.69997442757852,4.728892036002909,4.493944738389183,4.968337103595951,0.3721232985170557,Coherent Epitaxy (Ideal),0.025,0.035,0.035,True,4.0,0.3,7.305,1.991,3.472755583540211e-16,112.08688115368824,500112.08688115363,1.1208688115368824e-12,5.001120868811536e-09,4461.8253423915285
Ba3WN4,Ba2Mn(BO2)6,0.5182448015847978,0.49846408,0.5643998537590691,86.77221107873332,2.0174,2.168894062139744,3.9824,2.0174,1.4977095116666668,-1.8696049278404647,6.69997442757852,4.728892036002909,4.493944738389183,4.968337103595951,0.3721232985170557,Coherent Epitaxy (Ideal),0.025,0.035,0.035,True,4.0,0.4,7.305,1.991,1.6618823675891287e-14,112.08688115368824,500112.08688115363,1.1208688115368824e-12,5.001120868811536e-09,4461.8253423915285
Ba3WN4,Ba2Mn(BO2)6,0.5182448015847978,0.49846408,0.5643998537590691,86.77221107873332,2.0174,2.168894062139744,3.9824,2.0174,1.4977095116666668,-1.8696049278404647,6.69997442757852,4.728892036002909,4.493944738389183,4.968337103595951,0.3721232985170557,Coherent Epitaxy (Ideal),0.025,0.035,0.035,True,5.0,0.2,7.305,1.991,7.256850170752504e-18,0.3418416783242284,400000.3418416783,3.418416783242284e-15,4.000003418416783e-09,1170133.3313203775
Ba3WN4,Ba2Mn(BO2)6,0.5182448015847978,0.49846408,0.5643998537590691,86.77221107873332,2.0174,2.168894062139744,3.9824,2.0174,1.4977095116666668,-1.8696049278404647,6.69997442757852,4.728892036002909,4.493944738389183,4.968337103595951,0.3721232985170557,Coherent Epitaxy (Ideal),0.025,0.035,0.035,True,5.0,0.3,7.305,1.991,3.472755583540211e-16,0.3418416783242284,400000.3418416783,3.418416783242284e-15,4.000003418416783e-09,1170133.3313203775
Ba3WN4,Ba2Mn(BO2)6,0.5182448015847978,0.49846408,0.5643998537590691,86.77221107873332,2.0174,2.168894062139744,3.9824,2.0174,1.4977095116666668,-1.8696049278404647,6.69997442757852,4.728892036002909,4.493944738389183,4.968337103595951,0.3721232985170557,Coherent Epitaxy (Ideal),0.025,0.035,0.035,True,5.0,0.4,7.305,1.991,1.6618823675891287e-14,0.3418416783242284,400000.3418416783,3.418416783242284e-15,4.000003418416783e-09,1170133.3313203775
Ba3WN4,Ba2Mn(BO2)6,0.5182448015847978,0.49846408,0.5643998537590691,86.77221107873332,2.0174,2.168894062139744,3.9824,2.0174,1.4977095116666668,-1.8696049278404647,6.69997442757852,4.728892036002909,4.493944738389183,4.968337103595951,0.3721232985170557,Coherent Epitaxy (Ideal),0.025,0.035,0.035,True,6.0,0.2,7.305,1.991,7.256850170752504e-18,0.0011540751066857378,333333.3344874084,1.1540751066857378e-17,3.333333344874084e-09,288831578.2537516
Ba3WN4,Ba2Mn(BO2)6,0.5182448015847978,0.49846408,0.5643998537590691,86.77221107873332,2.0174,2.168894062139744,3.9824,2.0174,1.4977095116666668,-1.8696049278404647,6.69997442757852,4.728892036002909,4.493944738389183,4.968337103595951,0.3721232985170557,Coherent Epitaxy (Ideal),0.025,0.035,0.035,True,6.0,0.3,7.305,1.991,3.472755583540211e-16,0.0011540751066857378,333333.3344874084,1.1540751066857378e-17,3.333333344874084e-09,288831578.2537516
Ba3WN4,Ba2Mn(BO2)6,0.5182448015847978,0.49846408,0.5643998537590691,86.77221107873332,2.0174,2.168894062139744,3.9824,2.0174,1.4977095116666668,-1.8696049278404647,6.69997442757852,4.728892036002909,4.493944738389183,4.968337103595951,0.3721232985170557,Coherent Epitaxy (Ideal),0.025,0.035,0.035,True,6.0,0.4,7.305,1.991,1.6618823675891287e-14,0.0011540751066857378,333333.3344874084,1.1540751066857378e-17,3.333333344874084e-09,288831578.2537516
Ba2SiSe4,AlH2PbO2F3,0.4938326149945874,0.47926605,0.5278212725339398,89.86883687844073,2.218300000000001,2.495798660140437,4.496700000000001,2.218300000000001,1.6368552784766504,-0.8262126190972243,6.552922870538407,4.662285468602206,4.461056845128027,4.316094002165607,0.3703531550706432,Coherent Epitaxy (Ideal),0.0,0.0,0.0,True,2.0,0.2,5.946,2.248,7.256850170752504e-18,6843925.130762076,7843925.130762076,6.843925130762076e-08,7.843925130762076e-08,1.146114982395877
Ba2SiSe4,AlH2PbO2F3,0.4938326149945874,0.47926605,0.5278212725339398,89.86883687844073,2.218300000000001,2.495798660140437,4.496700000000001,2.218300000000001,1.6368552784766504,-0.8262126190972243,6.552922870538407,4.662285468602206,4.461056845128027,4.316094002165607,0.3703531550706432,Coherent Epitaxy (Ideal),0.0,0.0,0.0,True,2.0,0.3,5.946,2.248,3.472755583540211e-16,6843925.130762076,7843925.130762076,6.843925130762076e-08,7.843925130762076e-08,1.146114982395877
Ba2SiSe4,AlH2PbO2F3,0.4938326149945874,0.47926605,0.5278212725339398,89.86883687844073,2.218300000000001,2.495798660140437,4.496700000000001,2.218300000000001,1.6368552784766504,-0.8262126190972243,6.552922870538407,4.662285468602206,4.461056845128027,4.316094002165607,0.3703531550706432,Coherent Epitaxy (Ideal),0.0,0.0,0.0,True,2.0,0.4,5.946,2.248,1.6618823675891287e-14,6843925.130762076,7843925.130762076,6.843925130762076e-08,7.843925130762076e-08,1.146114982395877
Ba2SiSe4,AlH2PbO2F3,0.4938326149945874,0.47926605,0.5278212725339398,89.86883687844073,2.218300000000001,2.495798660140437,4.496700000000001,2.218300000000001,1.6368552784766504,-0.8262126190972243,6.552922870538407,4.662285468602206,4.461056845128027,4.316094002165607,0.3703531550706432,Coherent Epitaxy (Ideal),0.0,0.0,0.0,True,3.0,0.2,5.946,2.248,7.256850170752504e-18,5759.4283281887765,672426.0949948553,5.759428328188777e-11,6.7242609499485535e-09,116.75222898490686
Ba2SiSe4,AlH2PbO2F3,0.4938326149945874,0.47926605,0.5278212725339398,89.86883687844073,2.218300000000001,2.495798660140437,4.496700000000001,2.218300000000001,1.6368552784766504,-0.8262126190972243,6.552922870538407,4.662285468602206,4.461056845128027,4.316094002165607,0.3703531550706432,Coherent Epitaxy (Ideal),0.0,0.0,0.0,True,3.0,0.3,5.946,2.248,3.472755583540211e-16,5759.4283281887765,672426.0949948553,5.759428328188777e-11,6.7242609499485535e-09,116.75222898490686
Ba2SiSe4,AlH2PbO2F3,0.4938326149945874,0.47926605,0.5278212725339398,89.86883687844073,2.218300000000001,2.495798660140437,4.496700000000001,2.218300000000001,1.6368552784766504,-0.8262126190972243,6.552922870538407,4.662285468602206,4.461056845128027,4.316094002165607,0.3703531550706432,Coherent Epitaxy (Ideal),0.0,0.0,0.0,True,3.0,0.4,5.946,2.248,1.6618823675891287e-14,5759.4283281887765,672426.0949948553,5.759428328188777e-11,6.7242609499485535e-09,116.75222898490686
Ba2SiSe4,AlH2PbO2F3,0.4938326149945874,0.47926605,0.5278212725339398,89.86883687844073,2.218300000000001,2.495798660140437,4.496700000000001,2.218300000000001,1.6368552784766504,-0.8262126190972243,6.552922870538407,4.662285468602206,4.461056845128027,4.316094002165607,0.3703531550706432,Coherent Epitaxy (Ideal),0.0,0.0,0.0,True,4.0,0.2,5.946,2.248,7.256850170752504e-18,6.1272431306442945,500006.1272431306,6.127243130644295e-14,5.000061272431306e-09,81603.76805392961
Ba2SiSe4,AlH2PbO2F3,0.4938326149945874,0.47926605,0.5278212725339398,89.86883687844073,2.218300000000001,2.495798660140437,4.496700000000001,2.218300000000001,1.6368552784766504,-0.8262126190972243,6.552922870538407,4.662285468602206,4.461056845128027,4.316094002165607,0.3703531550706432,Coherent Epitaxy (Ideal),0.0,0.0,0.0,True,4.0,0.3,5.946,2.248,3.472755583540211e-16,6.1272431306442945,500006.1272431306,6.127243130644295e-14,5.000061272431306e-09,81603.76805392961
Ba2SiSe4,AlH2PbO2F3,0.4938326149945874,0.47926605,0.5278212725339398,89.86883687844073,2.218300000000001,2.495798660140437,4.496700000000001,2.218300000000001,1.6368552784766504,-0.8262126190972243,6.552922870538407,4.662285468602206,4.461056845128027,4.316094002165607,0.3703531550706432,Coherent Epitaxy (Ideal),0.0,0.0,0.0,True,4.0,0.4,5.946,2.248,1.6618823675891287e-14,6.1272431306442945,500006.1272431306,6.127243130644295e-14,5.000061272431306e-09,81603.76805392961
Ba2SiSe4,AlH2PbO2F3,0.4938326149945874,0.47926605,0.5278212725339398,89.86883687844073,2.218300000000001,2.495798660140437,4.496700000000001,2.218300000000001,1.6368552784766504,-0.8262126190972243,6.552922870538407,4.662285468602206,4.461056845128027,4.316094002165607,0.3703531550706432,Coherent Epitaxy (Ideal),0.0,0.0,0.0,True,5.0,0.2,5.946,2.248,7.256850170752504e-18,0.007416498929733494,400000.0074164989,7.416498929733494e-17,4.000000074164989e-09,53933805.048209265
Ba2SiSe4,AlH2PbO2F3,0.4938326149945874,0.47926605,0.5278212725339398,89.86883687844073,2.218300000000001,2.495798660140437,4.496700000000001,2.218300000000001,1.6368552784766504,-0.8262126190972243,6.552922870538407,4.662285468602206,4.461056845128027,4.316094002165607,0.3703531550706432,Coherent Epitaxy (Ideal),0.0,0.0,0.0,True,5.0,0.3,5.946,2.248,3.472755583540211e-16,0.007416498929733494,400000.0074164989,7.416498929733494e-17,4.000000074164989e-09,53933805.048209265
Ba2SiSe4,AlH2PbO2F3,0.4938326149945874,0.47926605,0.5278212725339398,89.86883687844073,2.218300000000001,2.495798660140437,4.496700000000001,2.218300000000001,1.6368552784766504,-0.8262126190972243,6.552922870538407,4.662285468602206,4.461056845128027,4.316094002165607,0.3703531550706432,Coherent Epitaxy (Ideal),0.0,0.0,0.0,True,5.0,0.4,5.946,2.248,1.6618823675891287e-14,0.007416498929733494,400000.0074164989,7.416498929733494e-17,4.000000074164989e-09,53933805.048209265
Ba2SiSe4,AlH2PbO2F3,0.4938326149945874,0.47926605,0.5278212725339398,89.86883687844073,2.218300000000001,2.495798660140437,4.496700000000001,2.218300000000001,1.6368552784766504,-0.8262126190972243,6.552922870538407,4.662285468602206,4.461056845128027,4.316094002165607,0.3703531550706432,Coherent Epitaxy (Ideal),0.0,0.0,0.0,True,6.0,0.2,5.946,2.248,7.256850170752504e-18,9.740724264766723e-06,333333.333343074,9.740724264766723e-20,3.33333333343074e-09,34220590202.802223
Ba2SiSe4,AlH2PbO2F3,0.4938326149945874,0.47926605,0.5278212725339398,89.86883687844073,2.218300000000001,2.495798660140437,4.496700000000001,2.218300000000001,1.6368552784766504,-0.8262126190972243,6.552922870538407,4.662285468602206,4.461056845128027,4.316094002165607,0.3703531550706432,Coherent Epitaxy (Ideal),0.0,0.0,0.0,True,6.0,0.3,5.946,2.248,3.472755583540211e-16,9.740724264766723e-06,333333.333343074,9.740724264766723e-20,3.33333333343074e-09,34220590202.802223
Ba2SiSe4,AlH2PbO2F3,0.4938326149945874,0.47926605,0.5278212725339398,89.86883687844073,2.218300000000001,2.495798660140437,4.496700000000001,2.218300000000001,1.6368552784766504,-0.8262126190972243,6.552922870538407,4.662285468602206,4.461056845128027,4.316094002165607,0.3703531550706432,Coherent Epitaxy (Ideal),0.0,0.0,0.0,True,6.0,0.4,5.946,2.248,1.6618823675891287e-14,9.740724264766723e-06,333333.333343074,9.740724264766723e-20,3.33333333343074e-09,34220590202.802223
