Formula,MP_ID,Eg_bulk_eV,CBM_bulk_eV,VBM_bulk_eV,Formation_Energy_eV,Dielectric_Static,Eg_nano_3nm_eV
Ac2O3,mp-11107,3.5219000000000005,8.112,4.5901,-3.737668289999997,10.0,3.6973061676604706
Ac2S3,mp-32800,2.2729,7.0869,4.814,-2.4930635934375003,10.0,2.44830616766047
AcAlO3,mp-1183115,4.1024,10.906,6.8036,-3.690019421499996,10.0,4.27780616766047
AcBr3,mp-27972,4.1034,5.1408,1.0374,-2.494519163125,10.0,4.27880616766047
AcBrO,mp-30274,4.2407,7.4413,3.2006,-3.2181859641666706,10.0,4.4161061676604705
AcCl3,mp-27971,5.0865,6.1773,1.0908,-2.940648830625,10.0,5.26190616766047
AcCrO3,mp-866101,2.0031000000000008,8.2567,6.2536,-3.1389721295,10.0,2.178506167660471
AcF3,mp-985278,6.0693,8.9504,2.8811,-4.413080099375,10.0,6.24470616766047
AcFeO3,mp-861502,1.0084,7.506,6.4976,-2.771539465500001,10.0,1.18380616766047
AcGaO3,mp-1183053,2.895900000000001,8.1819,5.286,-3.0632526170000007,10.0,3.071306167660471
AcH3,mp-861605,0.6406999999999998,6.9559,6.3152,-0.6718020309374992,10.0,0.8161061676604701
AcI3,mp-861867,2.5886,2.274,-0.3146,-1.8010032031250018,10.0,2.76400616766047
AcOF,mp-36526,4.2561,7.8655,3.6094,-4.159174074166669,14.536975816666661,4.458261133189692
AcTlTe2,mp-865028,0.6217000000000006,6.7994,6.1777,-1.2514026447916695,10.0,0.7971061676604708
Ag(BCl)6,mp-567334,2.6955,3.0902,0.3947,-0.9528340284935891,10.0,2.87090616766047
Ag15P4S16Cl3,mp-560328,1.2258,3.458,2.2322,-0.48195322627819487,10.0,1.4012061676604701
Ag2B8O13,mp-554873,3.2651,3.7178,0.4527,-2.5106557157246367,10.0,3.44050616766047
Ag2Ge(S2O7)3,mp-1196546,2.8072,2.9713,0.1641,-1.5999475659999998,10.0,2.98260616766047
Ag2GePbS4,mp-861942,1.3699000000000003,4.99,3.6201,-0.5503585122916661,29.23312854,1.601707145987137
Ag2H4(SO4)3,mp-860963,2.8882,3.3807,0.4925,-1.449344143492063,10.0,3.06360616766047
Ag2HgI4,mp-23485,1.2219000000000002,2.1173,0.8954,-0.5123625465476189,9.070052743333333,1.3885167418557236
Ag2HgSI2,mp-556866,1.2278,2.4716,1.2438,-0.44160478972222234,11.688167266666662,1.4155878898771574
Ag2Mo2O7,mp-27966,1.9053,3.2517,1.3464,-1.5074706507575748,10.0,2.08070616766047
Ag2P2H2O7,mp-1195759,2.150562922126691,3.52585334037113,1.3752904182444392,-1.815974185778367,10.0,2.325969089787161
Ag2P2PdO7,mp-1190325,1.1667999999999998,2.5732,1.4064,-1.7857666810515873,10.0,1.34220616766047
Ag2PHO4,mp-707138,1.3274000000000001,2.6615,1.3341,-1.5734414415699398,10.0,1.5028061676604703
Ag2PSe3,mp-13956,0.8588,3.5628,2.704,-0.3363640391679065,14.884344336666665,1.0623373874653046
Ag2PdCl4,mp-28557,0.9506000000000001,1.6909,0.7403,-0.8042831183333325,19.693360249999543,1.1682017055340592
Ag2S,mp-1537871,1.6081000000000003,6.538,4.9299,-0.11837386593749954,10.0,1.7835061676604704
Ag2S2O7,mp-1192057,2.3015999999999996,3.336,1.0344,-1.4055423298484848,10.0,2.4770061676604698
Ag2SO4,mp-5625,1.2289,2.5708,1.3419,-1.256612797261903,34.75338981219033,1.4653651425608496
Ag2SeO3,mp-16913,1.7022,3.0669,1.3647,-0.8250872030295131,10.0,1.87760616766047
Ag2SeO3,mp-2748718,2.0934999999999997,5.8664,3.7729,-0.5705825800520827,10.0,2.26890616766047
Ag2Sn(S2O7)3,mp-1197599,2.4602000000000004,2.7844,0.3242,-1.6166738946666674,10.0,2.6356061676604705
Ag2TeS3,mp-29163,1.3064999999999998,4.3062,2.9997,-0.07894978057291742,13.06676703666667,1.5020260129849214
Ag3AsS3,mp-561620,1.6277999999999997,4.0942,2.4664,-0.16004723620535394,10.0,1.8032061676604698
Ag3AsSe3,mp-662599,0.8906000000000001,3.2479,2.3573,-0.30236748243303524,10.0,1.0660061676604702
Ag3Ge5P6,mp-17862,0.5335999999999999,5.4356,4.902,-0.041898267346937246,21.0713526066338,0.7540484374333005
Ag3P11,mp-27821,0.8305999999999996,5.4982,4.6676,-0.04616663662414818,12.224839893327342,1.0216077117458107
Ag3PS4,mp-12459,0.9998,3.7271,2.7273,-0.25612480990327313,10.112646456666665,1.1761610826495408
Ag3SbS3,mp-555269,1.5142000000000002,4.6344,3.1202,-0.20678933263392554,10.0,1.6896061676604703
Ag4Mo2Se3O16,mp-558550,1.6142999999999998,2.6847,1.0704,-1.227226647047916,10.0,1.78970616766047
Ag5BiO4,mp-28812,1.459,3.5605,2.1015,-0.658539459833331,10.0,1.6344061676604702
Ag5Hg4P8Cl5,mp-568540,0.9356999999999998,3.4368,2.5011,-0.38926681752164555,94.40521626999998,1.1877514264394422
Ag5P(S2Cl)2,mp-559847,1.2689,3.3314,2.0625,-0.5435259819146813,61.459754556666674,1.516083760286318
Ag8GeS6,mp-9770,0.6102000000000003,3.0792,2.469,-0.3272566030555529,10.0,0.7856061676604705
Ag8SnS6,mp-15645,0.5350999999999999,3.2342,2.6991,-0.20496340979166613,10.0,0.7105061676604701
AgAs(S8F3)2,mp-556837,2.7366,2.7828,0.0462,-1.086225823923611,10.0,2.9120061676604703
AgAs3H2O9,mp-985701,0.8362,2.3967,1.5605,-1.4163172241111122,10.0,1.0116061676604702
AgAsF6,mp-37153,1.7393999999999998,-0.8313,-2.5707,-2.2011483698958334,4.177139149996149,1.7953057375711476
AgAsPbS3,mp-22665,1.3314000000000004,4.8604,3.529,-0.49983294361111,10.0,1.5068061676604705
AgAu(IO3)4,mp-1229194,1.2572999999999999,3.6746,2.4173,-0.7131055570370369,10.0,1.43270616766047
AgAuCl4,mp-570340,0.8406,0.5406,-0.3,-0.7744889177777777,10.0,1.0160061676604701
AgAuF4,mp-16060,1.0268000000000002,0.2268,-0.8,-1.4019354844444454,6.916462983333335,1.163987362216799
AgAuO2,mp-996983,0.6175000000000002,2.3925,1.775,-0.4695447591666664,14.243665006666669,0.8184467821482845
AgB11H6CBr6,mp-703539,3.2973,2.4931,-0.8042,-0.447013033799999,10.0,3.47270616766047
AgBF4,mp-12021,3.157,1.8587,-1.2983,-2.575888896388889,10.0,3.33240616766047
AgBH2OF4,mp-24058,3.044,1.6468,-1.3972,-2.162864122314816,10.0,3.21940616766047
AgBi(IO3)4,mp-1195262,2.4068,5.8323,3.4255,-0.9253991323148149,10.0,2.58220616766047
AgBi(PS3)2,mp-556434,1.1837999999999997,4.398,3.2142,-0.3388252107827384,21.052495523333338,1.4042119964136308
AgBi(PSe3)2,mp-569126,1.3072,3.5645,2.2573,-0.46588106450148814,10.0,1.48260616766047
AgBi3S5,mp-23474,0.5262000000000002,4.8986,4.3724,-0.3722022776736114,211.12634425666667,0.7832716499819203
AgBiSCl2,mp-556094,1.0752000000000002,3.9597,2.8845,-0.9455957438333339,113.99861914,1.3288121510742434
AgBr,mp-23231,0.7303999999999999,1.9857,1.2553,-0.6596210383333325,12.692159136763971,0.9239896566793429
AgCl,mp-22922,0.9522000000000002,2.3624,1.4102,-0.728691575833333,11.41491176275674,1.1382321428536795
AgClO4,mp-22993,2.613,2.9791,0.3661,-0.41406829361111025,7.870760899999998,2.7652151550226987
AgH5S2O9,mp-24072,3.5225000000000004,3.4397,-0.0828,-1.4486150450245106,10.0,3.6979061676604705
AgHg2AsO4,mp-558188,0.7441000000000001,1.3665,0.6224,-1.0544510055208351,10.0,0.9195061676604702
AgHg2NO5,mp-560443,0.5517,1.0166,0.4649,-0.6809799182407422,10.0,0.7271061676604701
AgHg2PO4,mp-556798,1.1892000000000003,2.2728,1.0836,-1.5083162942261916,10.0,1.3646061676604704
AgHgAsS3,mp-6215,1.1993,3.478,2.2787,-0.36442808402777277,21.412280273333337,1.420396204570691
AgHgSBr,mp-560067,1.2696,1.6715,0.4019,-0.5442998554166674,13.926265816666666,1.469175075062923
AgHgSI,mp-23140,1.3679000000000001,2.5333,1.1654,-0.4264321279166676,10.0,1.5433061676604702
AgI,mp-580941,1.3759000000000001,2.5295,1.1536,-0.4677598983333322,7.119769473334294,1.5166266286141876
AgI3O8,mp-1194592,2.293848415139808,4.7381481276786115,2.4442997125388035,-0.7530212759722227,10.0,2.469254582800278
AgIO3,mp-27384,2.4375,4.966,2.5285,-0.7130686653333328,10.0,2.61290616766047
AgMo6Cl13,mp-1214988,2.6357999999999997,5.1038,2.468,-1.2827291965833332,10.0,2.81120616766047
AgMoPO6,mp-14029,2.0962,3.435,1.3388,-1.9811057354232804,10.0,2.27160616766047
AgNO3,mp-552185,1.8635,1.9786,0.1151,-0.6806635453333335,10.723407676857569,2.0446892888785495
AgP(OF)2,mp-1194585,1.9686,1.6414,-0.3272,-2.261493737718254,10.0,2.14400616766047
AgPF6,mp-34418,3.2361,0.8544,-2.3817,-2.53426353578869,4.3637792466732535,3.3007833264309214
AgPO3,mp-18702,2.0246000000000004,3.3542,1.3296,-1.958048157761913,10.0,2.2000061676604705
AgPbF6,mp-1206101,0.7338,0.3632,-0.3706,-1.9283080564583317,10.0,0.9092061676604702
AgRh(SO4)2,mp-1214944,1.1739000000000002,2.9803,1.8064,-1.4627008163888877,10.0,1.3493061676604703
AgSO3F,mp-1229086,2.4337,2.7333,0.2996,-1.5912135315277773,10.0,2.60910616766047
AgSb(S8F3)2,mp-559602,2.7422,2.8798,0.1376,-1.14008699361111,10.0,2.91760616766047
AgSb2F12,mp-14653,0.5397999999999998,-1.9757,-2.5155,-2.3869322361111105,5.020741040000001,0.6301885578528496
AgSbF6,mp-3414,1.7739,1.2117,-0.5622,-2.3583007792708326,10.0,1.94930616766047
AgSbS(OF3)2,mp-1199019,2.560478609099197,1.5275783913551386,-1.0329002177440585,-2.141207953106061,10.0,2.7358847767596672
AgSbS2,mp-3922,1.3512,4.9216,3.5704,-0.2501113989062489,16.412286796666663,1.5600993057749453
AgTeO3,mp-559257,1.4211,4.173,2.7519,-1.1464252671666664,10.0,1.5965061676604702
AgW3Br7,mp-29718,2.6908000000000003,3.2496,0.5588,-0.8177875281060594,10.0,2.8662061676604704
Al(BH4)3,mp-569787,6.2431,1.5237,-4.7194,-0.10353345781250045,3.39844228,6.251981518994887
Al(BiCl)4,mp-1198361,1.4598000000000002,3.2259,1.7661,-1.1034899319444458,10.0,1.6352061676604703
Al(ICl2)3,mp-672352,1.7106,1.2387,-0.4719,-1.081075036250001,10.0,1.88600616766047
Al(IO3)3,mp-555903,3.3465999999999996,6.2227,2.8761,-1.3017925411538454,8.33793544,3.5049177692673994
Al(PO3)3,mp-1019377,5.8176,5.4521,-0.3655,-2.8411529897252756,10.0,5.99300616766047
Al(SeCl)4,mp-683984,1.1038000000000001,0.6723,-0.4315,-1.0319158957638968,10.0,1.2792061676604702
Al(SeCl2)2,mp-574529,1.3809,0.077,-1.3039,-1.321299250669642,10.0,1.5563061676604701
Al(TeCl2)2,mp-540628,1.3285,1.0912,-0.2373,-1.359382804583333,10.0,1.5039061676604701
Al11TlO17,mp-758571,4.585100000000001,8.8688,4.2837,-3.308075045114943,10.0,4.760506167660471
Al11TlO17,mp-2206289,5.323600000000001,9.601,4.2774,-3.2150562399568954,10.0,5.499006167660471
Al2(CN2)3,mp-1029975,2.8366,5.9959,3.1593,-0.6093145309090912,10.0,3.01200616766047
Al2(MoO4)3,mp-19521,3.5374,3.0804,-0.457,-2.403986258676472,10.0,3.71280616766047
Al2(SO4)3,mp-4417,6.0433,7.1104,1.0671,-2.3349570783823537,10.0,6.2187061676604705
Al2(SeO4)3,mp-756970,3.0578000000000003,3.2791,0.2213,-1.7608418939430153,10.0,3.2332061676604704
Al2Ag2Bi2S3Cl8,mp-1194539,1.901,3.2374,1.3364,-1.3475917774019601,10.0,2.07640616766047
Al2B3HO8,mp-1199198,6.1951,4.9798,-1.2153,-2.916216542232143,10.0,6.37050616766047
Al2BiS4,mp-557737,2.6386,5.2985,2.6599,-1.0268268494642854,13.505916713333333,2.8362592167974214
Al2BiSe4,mp-571623,2.2404,4.312,2.0716,-0.872662828750001,15.171280583333333,2.4450266823483884
Al2Cd3(GeO4)3,mp-1214967,2.9874,5.2508,2.2634,-2.2718875258750004,10.0,3.16280616766047
Al2CdBr8,mp-1214910,3.6647999999999996,2.5054,-1.1594,-1.4495020240909093,10.0,3.8402061676604697
Al2CdCl8,mp-28361,3.7081999999999997,2.2123,-1.4959,-1.8501213690909089,10.0,3.88360616766047
Al2CdS4,mp-5928,2.7303000000000006,4.6115,1.8812,-1.1472330416071432,8.232516483334537,2.8873012125417823
Al2CdSe4,mp-3159,2.0058,3.4614,1.4556,-1.0754883984821428,9.313653563331576,2.174888812361587
Al2CdTe4,mp-7909,1.6261,4.6627,3.0366,-0.5821135314285755,10.718463236669713,1.8072524111819264
Al2CuCl8,mp-23434,0.5594,-0.5174,-1.0768,-1.6874217595454548,10.0,0.7348061676604701
Al2Ga2Bi2O9,mp-1214864,2.7318,6.1986,3.4668,-2.4684174016666676,10.0,2.90720616766047
Al2Ge(O2F)2,mp-561437,4.0818,7.083,3.0012,-3.171815519166666,10.0,4.25720616766047
Al2H12(SeO5)3,mp-707424,4.7445,4.0811,-0.6634,-1.6108465986572273,10.0,4.9199061676604705
Al2H16S3O20,mp-850293,5.6055,5.0993,-0.5062,-1.7330980639024391,10.0,5.78090616766047
Al2H32S3O28,mp-1196041,4.6645,3.6228,-1.0417,-1.5678861953461531,10.0,4.83990616766047
Al2Hg3Cl8,mp-27346,2.4917,1.2811,-1.2106,-1.5163545836538488,10.0,2.66710616766047
Al2HgS4,mp-7906,2.0163,4.0578,2.0415,-1.1063106832142928,10.617375053333335,2.1966909238029113
Al2HgSe4,mp-3038,1.4322000000000001,3.0308,1.5986,-0.825231304821429,12.08869747999479,1.622417974256357
Al2HgTe4,mp-7910,1.1122,4.301,3.1888,-0.47700404821428527,13.5947930866496,1.3102741724210096
Al2NiO4,mp-37614,3.1956000000000007,9.1926,5.997,-2.8027414935714297,10.0,3.371006167660471
Al2O3,mp-1143,5.8743,11.6968,5.8225,-3.4265510080000006,9.706237702841708,6.047111647007425
Al2Pb3F12,mp-14941,5.2252,6.3292,1.104,-3.2456635836764707,10.0,5.40060616766047
Al2PbO4,mp-21892,3.9433,6.7352,2.7919,-2.8937835900000146,18.512909993333334,4.158126052511404
Al2PbS4,mp-1103722,2.5904,5.7401,3.1497,-1.233530308571437,42.76460659666666,2.8314860666109243
Al2PbSe4,mp-675374,1.9961000000000002,4.6516,2.6555,-0.9435391144642844,10.0,2.1715061676604703
Al2PdCl8,mp-27452,1.6806,-0.117,-1.7976,-1.676674889999999,3.50831252,1.697381279063197
Al2S3,mp-1228491,3.0435746359539815,6.3455439999704994,3.301969364016518,-1.2369562236874998,10.0,3.2189808036144516
Al2Se3,mp-11674,1.8040000000000003,4.519,2.715,-1.008823536437501,9.354686643365255,1.973492547726384
Al2Si(O2F)2,mp-6280,5.706199999999999,9.2411,3.5349,-3.529615748611111,10.0,5.881606167660469
Al2Si2PbO8,mp-1195073,4.261250911072367,6.112250367386924,1.8509994563145569,-3.1053062625961534,10.0,4.436657078732837
Al2Si3H8(NO5)2,mp-706243,4.576099999999999,4.8111,0.235,-2.1697174975000006,10.0,4.7515061676604695
Al2SiO5,mp-5065,5.4454,10.2469,4.8015,-3.3768698634375003,10.0,5.62080616766047
Al2Te2Cl7,mp-540629,1.4057,0.9698,-0.4359,-1.5805691443939403,10.0,1.58110616766047
Al2Te3,mp-29502,2.2383000000000006,5.363,3.1247,-0.5590248137499998,10.0,2.4137061676604707
Al2Te5,mp-9254,1.0460999999999996,4.6118,3.5657,-0.4019399971428551,18.621158280021096,1.2611952380032911
Al2VCl8,mp-568443,0.8418000000000001,2.6147,1.7729,-1.8714866172727278,3.117802056666667,0.8418000000000001
Al2ZnO4,mp-2908,3.8459999999999996,7.8218,3.9758,-3.0210726285714293,9.281930786666607,4.014774236939636
Al2ZnS4,mp-4842,2.4934000000000003,6.6596,4.1662,-1.1905034680357136,11.486136013333313,2.679897829059942
Al2ZnSe4,mp-7907,2.1529,4.111,1.9581,-1.1007739499107134,9.178696063337346,2.3206354691302207
Al2ZnTe4,mp-7908,1.6274000000000002,5.1509,3.5235,-0.704937983809523,10.852307156670932,1.8095388179583263
Al3BC3,mp-1228599,2.0981999999999994,8.0673,5.9691,-0.23713364392857206,10.0,2.2736061676604695
Al3Tl4Fe(As2O7)4,mp-1229069,2.7875,4.4028,1.6153,-1.9299713141666681,10.0,2.96290616766047
Al4(B2O5)3,mp-31408,5.8127,7.5178,1.7051,-3.0834730528,5.81064330665891,5.926299529493924
Al4B2O9,mp-1229135,4.9982,8.1121,3.1139,-3.264206385222222,10.0,5.17360616766047
Al4Bi2O9,mp-23426,2.7654000000000005,7.1824,4.417,-2.857885393999998,10.0,2.9408061676604706
Al4C3,mp-1591,1.3163999999999998,8.6175,7.3011,-0.23825637285714305,17.828700309990722,1.5294489730760588
Al4CO4,mp-13703,3.8232999999999997,6.9815,3.1582,-2.594719617222223,6.25285082,3.9473331691266407
Al4CdO7,mp-1190488,3.0642,5.2192,2.155,-3.094281680416666,10.144908426666667,3.240830664051058
Al4Fe2Si5O18,mp-1204107,3.8626999999999994,5.3157,1.453,-3.1046468531034495,10.0,4.0381061676604695
Al4InAgSe8,mp-1228721,1.1564,3.9272,2.7708,-0.9935458812202381,10.0,1.3318061676604702
Al5BO9,mp-3281,4.9384999999999994,7.3986,2.4601,-3.3666107872777786,6.8018227,5.073598355261415
Al5CuS8,mp-35267,1.4217000000000004,7.1241,5.7024,-1.1671159744642858,11.59311484333332,1.6088865380473651
Al6B5(O5F)3,mp-6738,6.114699999999999,8.9117,2.797,-3.2722042729597693,10.0,6.290106167660469
Al6Cd4SO12,mp-9203,2.7127,3.1755,0.4628,-2.7123131624999988,7.003835766666668,2.851433571083611
Al6Cd4TeO12,mp-9535,2.5652,3.3805,0.8153,-2.6822620276811593,7.381482936666667,2.7101956517822634
Al6SnTe10,mp-530331,1.4355999999999995,5.294,3.8584,-0.6946291857843132,10.0,1.6110061676604697
Al7(TlS4)3,mp-28759,2.7930000000000006,5.4118,2.6188,-1.2624896618181827,10.0,2.9684061676604707
Al7Cr(Bi2O9)2,mp-1228228,2.5549560403264584,7.016043853131416,4.461087812804958,-2.767509591666667,10.0,2.7303622079869285
Al8(Pb3O7)3,mp-13875,2.8716,6.6177,3.7461,-2.5211375953289474,10.0,3.04700616766047
AlAg(PSe3)2,mp-1228964,1.6206273473282033,4.218925072550901,2.5982977252226975,-0.5870029005014878,11.3104394,1.805965806656599
AlAgO2,mp-9631,1.4164000000000003,5.5172,4.1008,-2.3048770966666545,10.725074266660075,1.5976017113381855
AlAgS2,mp-5782,1.8992,4.7058,2.8066,-0.9040030489062492,8.436321743331385,2.0587168128801396
AlAgSe2,mp-14091,1.1351999999999998,3.2434,2.1082,-0.8526771690885333,9.700932379998548,1.3079633456410829
AlAgSnSe4,mp-1228963,1.1072000000000002,3.0981,1.9909,-0.7697020251488093,10.966966463333335,1.290164689912234
AlAgTe2,mp-14092,1.0469000000000004,4.4015,3.3546,-0.43926148875000237,10.953366963334181,1.2297676387395275
AlAs,mp-2172,1.5007000000000001,5.0743,3.5736,-0.6270427762500006,11.537902879999983,1.687532688883917
AlAs3S5Cl4,mp-558360,2.2619,2.441,0.1791,-1.0036169826923071,10.0,2.43730616766047
AlAsO4,mp-5189,3.8812,3.7926,-0.0886,-2.456086594583332,10.0,4.05660616766047
AlBPbO4,mp-558137,2.7567000000000004,6.8647,4.108,-2.720201696845237,10.0,2.9321061676604705
AlBiCl6,mp-672273,3.7506000000000004,2.6364,-1.1142,-1.7141479287500005,10.0,3.9260061676604705
AlBiSCl4,mp-561350,2.8305,2.8415,0.011,-1.5803596471428578,10.0,3.00590616766047
AlBr3,mp-23288,4.0992,2.0313,-2.0679,-1.5180502868750008,10.0,4.27460616766047
AlCdCl4,mp-1102961,2.761,2.2197,-0.5413,-1.7117466549999871,5.572068016666667,2.868282733749167
AlCl3,mp-25469,5.274,5.2639,-0.0101,-1.9658130437500003,5.348142059989676,5.374841084198634
AlCrFeO4,mp-1229097,1.4774590874020497,6.696320173748993,5.218861086346943,-2.542837820714286,10.0,1.6528652550625198
AlCu(PSe3)2,mp-1228984,0.8811706307205736,4.552269015484095,3.6710983847635212,-0.5588789933348209,10.0,1.0565767983810437
AlCuBr4,mp-1102536,2.1451000000000002,3.2862,1.1411,-1.2135481599999867,5.252280359999999,2.2430155425111766
AlCuCl4,mp-28020,2.4984,4.0579,1.5595,-1.5768964483333197,4.87481738,2.5836774912472573
AlCuGeSe4,mp-1228980,0.8904999999999998,3.7373,2.8468,-0.7430883706249993,10.0,1.06590616766047
AlCuO2,mp-3098,1.8105000000000002,7.8423,6.0318,-2.4176243612499864,9.602708096663827,1.9823594388205525
AlCuS2,mp-4979,1.7035,6.6949,4.9914,-0.9631328539062487,8.676691023322114,1.8658318472064364
AlCuSe2,mp-8016,0.8929,4.7564,3.8635,-0.7563341932812495,10.121075888980734,1.0693316849450347
AlCuSnS4,mp-1228961,0.7129226492450247,6.235516633283817,5.522593984038792,-0.9101103921428566,10.0,0.8883288169054949
AlCuSnSe4,mp-1229027,0.5512999999999999,3.8342,3.2829,-0.7727851691964288,10.0,0.7267061676604701
AlCuTe2,mp-8017,1.0469999999999997,5.8518,4.8048,-0.42519420625000137,11.698825069973717,1.2348547075022112
AlF3,mp-468,7.5923,6.4738,-1.1185,-3.8680460375,4.991297287389517,7.681681338875541
AlFePO5,mp-17477,0.54,2.9,2.36,-2.7506856665178567,10.0,0.7154061676604703
AlGaAs2,mp-1228891,0.7004999999999999,3.8486,3.1481,-0.5373326012500002,10.0,0.8759061676604701
AlGaCl4,mp-541111,4.2234,3.3337,-0.8897,-1.700083312916653,21.24533757333333,4.444181608802035
AlH10N2OF5,mp-24618,6.1343,3.8381,-2.2962,-1.6631965823684207,10.0,6.30970616766047
AlH10SO9F,mp-730446,5.459199999999999,4.544,-0.9152,-1.7267899050568176,10.0,5.634606167660469
AlH11SO10,mp-722527,5.3941,4.2647,-1.1294,-1.631665221032608,10.0,5.56950616766047
AlH12(NO5)3,mp-1203296,4.037100000000001,2.5438,-1.4933,-1.2972335396774195,10.0,4.212506167660471
AlH14SeNO14,mp-1197821,3.576255899099855,2.6397556014191816,-0.9365002976806734,-1.3849602651562494,10.0,3.7516620667603253
AlH15(OF)6,mp-1229104,6.1309000000000005,3.1724,-2.9585,-1.788961006026786,10.0,6.306306167660471
AlH15Br3N5,mp-1199829,4.3958,3.5821,-0.8137,-0.6834723107812509,10.0,4.5712061676604705
AlH15N5Cl3,mp-699469,4.6579999999999995,3.699,-0.959,-0.7364090049479172,10.0,4.83340616766047
AlH2PbO2F3,mp-643387,4.496700000000001,6.0814,1.5847,-2.551014959722222,11.975357983333337,4.686246815493712
AlH3,mp-23933,2.1976999999999998,3.0359,0.8382,-0.07363208281249989,11.719537546744478,2.3856842139263
AlH3NCl3,mp-759356,5.1434,3.5551,-1.5883,-1.288243495312499,10.0,5.31880616766047
AlH4NF4,mp-696815,6.8202,5.4353,-1.3849,-2.1607586342500005,10.0,6.99560616766047
AlH5(SeO4)2,mp-1214960,4.4382,4.6702,0.232,-1.599531583496093,10.0,4.61360616766047
AlH6IO4,mp-1191939,4.2593,4.0226,-0.2367,-1.5623556402083334,10.0,4.43470616766047
AlH6N2Cl3,mp-740718,5.0498,3.8673,-1.1825,-1.0217268171875002,10.0,5.22520616766047
AlH7C2SCl4,mp-1198123,4.6652000000000005,2.6613,-2.0039,-0.8205292281666667,10.0,4.840606167660471
AlHO2,mp-625152,5.5638000000000005,9.91,4.3462,-2.6528255821875,8.867470566666666,5.728257488195978
AlHSO5,mp-1105277,5.6943,7.802,2.1077,-2.26148272546875,10.0,5.86970616766047
AlHg2SbCl4,mp-568001,0.8372,0.8021,-0.0351,-1.2632334517187531,10.0,1.01260616766047
AlI3,mp-30930,3.2633,2.8767,-0.3866,-0.9552141906250009,3.725970436666666,3.2943553808494
AlICl6,mp-27935,2.2883,1.2459,-1.0424,-1.3249969850000056,10.0,2.46370616766047
AlInBr4,mp-1214853,3.8112,3.6606,-0.1506,-1.3804297715277762,10.0,3.9866061676604696
AlInCl4,mp-638061,4.186100000000001,4.009,-0.1771,-1.7496668752777769,48.63034321,4.4296039911435425
AlInI4,mp-571260,3.0259,4.0283,1.0024,-0.8898664715277759,10.0,3.20130616766047
AlInS3,mp-504482,2.3613999999999997,5.2104,2.849,-1.0024900663541663,9.719909356678436,2.534335875128085
AlInSe3,mp-862787,1.6095999999999995,4.1065,2.4969,-0.8639210584375008,12.409301089997475,1.801650092823574
AlN,mp-661,4.0536,10.0335,5.9799,-1.6796721718749996,8.731928620001746,4.216556850728441
AlNi2BO5,mp-1214877,3.621100000000001,8.4417,4.8206,-2.3201892974074068,10.0,3.796506167660471
AlNiAg2F7,mp-1214829,1.969820018818911,2.6924197169526263,0.7225996981337153,-2.4917501984848474,10.0,2.145226186479381
AlP,mp-1550,1.6292999999999997,5.9757,4.3464,-0.737248783988095,10.412483389999991,1.8081021399879378
AlP2I9,mp-28046,1.6553,2.0044,0.3491,-0.5778012016071429,10.0,1.8307061676604701
AlPH8(CCl2)2,mp-569751,5.4006,3.4297,-1.9709,-0.7892967864620539,10.0,5.57600616766047
AlPH9(CCl)3,mp-1196119,5.636,3.4179,-2.2181,-0.6521437156407565,10.0,5.81140616766047
AlPI8,mp-568423,1.4267999999999998,1.4484,0.0216,-0.6438012067142858,10.0,1.60220616766047
AlPO4,mp-5331,5.6178,5.9912,0.3734,-3.1271722029960305,10.0,5.79320616766047
AlPS4,mp-1102285,2.8338,4.2108,1.377,-0.6941880198710315,10.0,3.00920616766047
AlSCl7,mp-555805,2.4961,1.3717,-1.1244,-1.2886033074999987,10.0,2.6715061676604703
AlSb,mp-2624,1.2262000000000004,5.6025,4.3763,-0.25297548500000033,13.325643436666676,1.4230005372942403
AlSbO4,mp-676861,1.6178,7.84,6.2222,-2.5433669,11.300302923333335,1.8030704717673833
AlSeBr7,mp-29408,2.1924,0.4719,-1.7205,-1.0297452535937452,10.0,2.3678061676604703
AlSeCl7,mp-1205403,3.1841,2.1659,-1.0182,-1.3489241058159764,10.0,3.35950616766047
AlSiTe3,mp-31220,1.2309,5.3042,4.0733,-0.3323823159999989,13.001395346666667,1.4260961423934773
AlTeCl7,mp-573751,3.2790999999999997,1.9823,-1.2968,-1.5018705693518521,10.0,3.45450616766047
AlTeI7,mp-29407,1.8846,2.0585,0.1739,-0.6805162451851862,10.0,2.06000616766047
AlTl(MoO4)2,mp-18733,3.8699000000000003,3.8614,-0.0085,-2.203208559444446,11.86127560333333,4.058758304831032
AlTl2F5,mp-1539038,4.4468000000000005,4.5928,0.146,-2.971503209583335,24.771872870122593,4.673325917301371
AlTlBr4,mp-567878,4.0998,3.1153,-0.9845,-1.4649576738888872,10.0,4.27520616766047
AlTlCl4,mp-567716,4.7337,4.0009,-0.7328,-1.8364759055555577,10.0,4.90910616766047
AlTlF4,mp-3751,4.433300000000001,5.2944,0.8611,-3.279988280555536,28.943462623333343,4.664813662538206
AlTlI4,mp-607829,3.4463999999999997,4.0812,0.6348,-0.9711981497222221,10.0,3.62180616766047
AlTlS2,mp-985477,2.4431,5.6182,3.1751,-1.1383049477083342,10.0,2.61850616766047
AlTlSe2,mp-863762,1.6529999999999996,4.2829,2.6299,-0.9003726551562501,10.0,1.8284061676604697
AlTlSi3O8,mp-1228177,4.586309931401425,5.858508857020847,1.2721989256194213,-3.082131854102565,10.0,4.761716099061895
AlTlSiO4,mp-1228209,4.081057349688355,4.865657124304688,0.7845997746163329,-2.9007873485714306,10.0,4.256463517348825
AlVMoO7,mp-20014,2.3303,2.1468,-0.1835,-2.4600990815,10.0,2.50570616766047
AlVO4,mp-18827,3.0572000000000004,4.174,1.1168,-2.7968212494444447,10.0,3.2326061676604705
AlWO4,mp-1182867,2.9802999999999997,7.0557,4.0754,-2.682709359999999,20.151442235315713,3.1988912361887927
As(BrF2)3,mp-28159,1.6272,-0.2236,-1.8508,-1.668066714250001,10.0,1.80260616766047
As(IF2)3,mp-27445,1.3559999999999999,1.1881,-0.1679,-1.726457208250001,10.0,1.53140616766047
As(IF3)2,mp-558244,0.5409,0.4827,-0.0582,-1.9122784219444446,10.0,0.7163061676604702
As(S8I)3,mp-30934,2.0753,1.9858,-0.0895,-0.4950714922321424,10.0,2.25070616766047
As2(SO4)3,mp-28005,4.5725,3.9851,-0.5874,-1.668678688529412,10.0,4.74790616766047
As2HPbF13,mp-758957,4.5838,1.9639,-2.6199,-2.4215148007352942,10.0,4.75920616766047
As2Ir,mp-15649,0.8155000000000001,7.1933,6.3778,-0.5710728491666686,28.905888466666667,1.046975162209954
As2O3,mp-1582,3.9605,4.224,0.2635,-1.626348611000001,6.477689456666667,4.089291829949771
As2O5,mp-1788,1.426,2.6275,1.2015,-1.5575100871428569,10.0,1.60140616766047
As2Os,mp-2455,0.6584000000000003,6.9076,6.2492,-0.30389278500000216,34.56743802666667,0.8947324495685895
As2P2S7,mp-540883,2.6386,3.404,0.7654,-0.23662250460362538,10.0,2.81400616766047
As2Pb(XeF6)3,mp-557799,2.5768,-1.0055,-3.5823,-1.8924177997916667,10.0,2.75220616766047
As2Pb2O5,mp-505465,2.9362000000000004,5.6542,2.718,-1.6396678047222224,10.0,3.1116061676604705
As2Pb3O8,mp-505368,3.3141000000000003,6.2682,2.9541,-1.733542170769229,10.0,3.4895061676604704
As2Pb8O13,mp-31107,2.0589999999999997,5.7284,3.6694,-1.6346581719565227,10.0,2.23440616766047
As2PbO4,mp-28537,2.8461999999999996,4.8179,1.9717,-1.6461216960714293,10.0,3.0216061676604697
As2PbO6,mp-20015,2.1424,5.6609,3.5185,-1.7332001416666651,19.878653479997457,2.360407461358385
As2S2O9,mp-27739,4.0514,3.8878,-0.1636,-1.6795332463461556,10.0,4.22680616766047
As2S3,mp-1189572,1.9873,3.4769,1.4896,-0.15650999518749842,10.0,2.16270616766047
As2SO6,mp-27230,4.417199999999999,4.6229,0.2057,-1.684100125833333,11.676451596666666,4.604914299364532
As2Se3,mp-909,1.4421,2.9608,1.5187,-0.13948285393749985,10.408760983333332,1.6208726969608085
As3(HO2)5,mp-27404,3.0665999999999998,2.5805,-0.4861,-1.456309445486112,6.631688356666668,3.198464991458282
As3HO6,mp-626378,3.5542,3.7807,0.2265,-1.5759993306249995,8.244084286666668,3.711347325207278
As3Pb5ClO12,mp-566301,3.1835,6.0232,2.8397,-1.7248922005952378,10.0,3.35890616766047
As3Pb5O12F,mp-1214667,3.2963999999999998,6.0211,2.7247,-1.8242185589285715,10.0,3.47180616766047
AsAuO4,mp-1095378,1.8541,1.5417,-0.3124,-1.1649706479166664,6.411524053333333,1.9815261102818256
AsBr3,mp-23317,3.136,1.0787,-2.0573,-0.8603133868750001,10.0,3.3114061676604702
AsBrOF8,mp-1229049,3.1609076728104353,-0.1964925620739442,-3.3574002348843797,-1.8304608165909093,10.0,3.3363138404709054
AsCl3,mp-23280,3.9981,2.0151,-1.983,-1.1747891150000007,3.3035076333333335,3.9997324618239585
AsCl5,mp-30106,1.4571999999999998,-0.5415,-1.9987,-0.9489735712499995,3.0690930433333325,1.4571999999999998
AsClF8,mp-27926,3.3906,-0.0714,-3.462,-1.8536977877500007,10.0,3.56600616766047
AsClOF8,mp-1201143,2.8596,-0.1953,-3.0549,-1.771353873409091,10.0,3.03500616766047
AsF3,mp-28027,5.365500000000001,2.8553,-2.5102,-2.4719516212500006,5.236080926666666,5.462910581819647
AsF5,mp-8723,4.628,-0.0275,-4.6555,-2.3866107912500003,2.3539243366567337,4.628
AsH3OF6,mp-1191113,6.1476,2.6205,-3.5271,-2.054124193295455,10.0,6.32300616766047
AsHPbO4,mp-1228828,3.118291041493801,4.901062267600866,1.7827712261070654,-1.6462676583928564,14.673179563333335,3.3209995721125947
AsI3,mp-23218,2.246,3.1408,0.8948,-0.4786431393749986,12.118778857222871,2.436393998037255
AsI5F6,mp-31020,1.4099,1.6044,0.1945,-1.4460987918749992,10.0,1.58530616766047
AsIF12,mp-555340,0.6263999999999998,-1.9712,-2.5976,-2.020414571607144,10.0,0.8018061676604701
AsIrS,mp-1228823,1.8630042236199813,8.604202188999519,6.741197965379538,-0.6990057559375012,19.4780891,2.0801248332531252
AsIrSe,mp-1228810,1.469913351132882,7.519511140626312,6.04959778949343,-0.6227897146874994,21.924042940000003,1.6919440938572523
AsKrF7,mp-30010,2.4572000000000003,-1.291,-3.7482,-1.739664906851852,10.0,2.6326061676604704
AsN(OF3)2,mp-1182477,2.7441999999999998,-0.2031,-2.9473,-1.8895761412500007,10.0,2.91960616766047
AsN2F7,mp-685810,3.5131,0.6978,-2.8153,-1.5350483948500004,10.0,3.6885061676604702
AsOsS,mp-1214793,1.1797837602870054,7.91287877371925,6.733095013432244,-0.4433881434374977,25.209281676666667,1.406910132233073
AsOsSe,mp-1214784,1.0526999999999997,7.1354,6.0827,-0.31358364552083157,10.0,1.2281061676604699
AsPO4,mp-8140,4.576,5.4098,0.8338,-2.1989691011904764,10.0,4.75140616766047
AsPO5,mp-14367,2.0204,3.7925,1.7721,-2.0644147453061215,8.811555196666667,2.1842440216552155
AsPbF7,mp-29992,4.1849,3.4588,-0.7261,-2.5576105297222207,10.0,4.36030616766047
AsRhS,mp-1228745,1.2237127817660998,7.259609751879516,6.035896970113416,-0.7312312184375026,23.659032860000007,1.4486109445814932
AsRhSe,mp-1228724,0.913775863082642,6.385564168856044,5.471788305773402,-0.6661096080208324,27.001620869999996,1.143159496636919
AsRuS,mp-1214786,0.9150875111224526,7.478104871427981,6.563017360305529,-0.5928599442708323,28.432855126666663,1.1460692758194855
AsS,mp-542810,1.9611000000000003,3.0304,1.0693,-0.15958055890624934,10.0,2.13650616766047
AsS(IF3)2,mp-557628,1.1714,1.1172,-0.0542,-1.7904170097500072,10.0,1.3468061676604701
AsSe,mp-542570,1.3679999999999999,2.7967,1.4287,-0.11949234390624852,10.0,1.54340616766047
AsSe6IF6,mp-23569,1.5707,1.6126,0.0419,-1.2852244365401784,10.0,1.74610616766047
AsXe2BrOF12,mp-1199259,2.6125000000000007,-1.571,-4.1835,-1.4803310813235295,10.0,2.787906167660471
AsXe2F9,mp-1182721,1.6347,-3.2231,-4.8578,-1.6175037602083338,10.0,1.8101061676604702
AsXeF11,mp-554379,2.0241000000000002,-2.3467,-4.3708,-1.5430099536538462,10.0,2.1995061676604704
AsXeF7,mp-27750,2.869915675287731,-1.7046882238141694,-4.5746038991019,-1.8941146358333338,10.0,3.045321842948201
Au2O3,mp-27253,0.8519999999999999,2.8253,1.9733,-0.45785339499999866,10.461145949863253,1.031185117582857
Au2S,mp-947,1.9091,3.2218,1.3127,-0.11834182593750124,7.154380066666664,2.0504091114119474
Au2Se3O10,mp-559824,0.9594,0.8773,-0.0821,-0.9060576431354188,10.0,1.1348061676604702
Au2Se4O11,mp-27441,1.4450999999999998,1.7125,0.2674,-0.9884635352573483,10.0,1.62050616766047
Au3F8,mp-17407,0.5426,-0.9494,-1.492,-1.2847720513636363,10.0,0.7180061676604702
AuBr,mp-505366,1.6982000000000002,2.1966,0.4984,-0.40299109374999986,5.374008566666666,1.7998126065114923
AuBr3,mp-27213,0.7908000000000001,-0.4002,-1.191,-0.5569912124999998,10.0,0.9662061676604702
AuBrF6,mp-30159,1.9482,-0.4182,-2.3664,-1.29598652625,4.239977436666666,2.0071472797695016
AuCl,mp-32780,1.9094,2.5139,0.6045,-0.5222131774999998,4.845268920012355,1.9936050571499795
AuCl2,mp-541656,0.9093,0.4286,-0.4807,-0.659913795833336,10.0,1.0847061676604701
AuCl3,mp-27647,1.3606,-0.2944,-1.655,-0.7200519868749997,3.928998663333333,1.403544430340726
AuF3,mp-942,1.9103,0.7235,-1.1868,-1.3183023729166674,4.880381546666667,1.9957779846110817
AuF5,mp-30103,0.7890000000000001,-2.6344,-3.4234,-1.128096912500001,10.0,0.9644061676604704
AuI,mp-27725,2.0942,3.307,1.2128,-0.2658664062499998,5.090517643333333,2.1869289684451876
AuN5O14,mp-560745,1.9901,0.5331,-1.457,-0.6861960044999996,10.0,2.16550616766047
AuS3(O3F)3,mp-560021,1.5564,-0.4977,-2.0541,-1.64650157578125,10.0,1.7318061676604701
AuSCl5,mp-28192,1.7517999999999998,0.6627,-1.0891,-0.689631724642857,10.0,1.92720616766047
AuSCl7,mp-556587,1.8191,0.9528,-0.8663,-0.7188993944444427,10.0,1.9945061676604698
AuSO4,mp-30003,1.65,0.8501,-0.7999,-1.3132958118749993,10.0,1.82540616766047
AuSeCl7,mp-28372,1.7274,0.4335,-1.2939,-0.8000586699826376,10.0,1.9028061676604702
AuXe2F17,mp-644828,1.3692000000000002,-2.4766,-3.8458,-0.9178797719999998,10.0,1.5446061676604703
B,mp-160,1.4332000000000003,7.4968,6.0636,0.0,9.52007649666667,1.6042845774756764
B(HO)3,mp-23791,6.0704,3.1974,-2.873,-1.8541745575595188,10.0,6.24580616766047
B10(Pb2O7)3,mp-27184,3.259,6.0134,2.7544,-2.4587422901801794,10.0,3.43440616766047
B2Mo(PbO2)6,mp-1196917,2.4454692184117044,5.701835222988345,3.2563660045766407,-1.973493511111109,10.0,2.6208753860721745
B2O3,mp-306,6.305000000000001,5.8551,-0.4499,-2.798056310000001,4.803695356649705,6.387673843096332
B2Pb2S5,mp-662553,1.6623999999999999,6.2546,4.5922,-0.7674925912037038,10.0,1.83780616766047
B2Pb4O7,mp-1203040,2.5254,5.5941,3.0687,-2.0464207906410246,10.0,2.70080616766047
B2Pb6SO12,mp-553930,2.7033000000000005,5.6946,2.9913,-1.977821851349205,10.0,2.8787061676604706
B2S2O9,mp-1019509,6.6956,6.6708,-0.0248,-2.0888062644871797,5.12768886,6.78954974214335
B2S3,mp-1199451,2.5263999999999998,6.577,4.0506,-0.7347956917266665,10.0,2.70180616766047
B2Se2O7,mp-558521,3.9417999999999997,4.524,0.5822,-1.9039577320928023,6.447793860000001,4.069978226268095
B2Se3O10,mp-1194590,3.738,3.7767,0.0387,-1.6545368825243059,10.0,3.91340616766047
B3H4NO5,mp-1200137,6.5368,7.0658,0.529,-1.9233934321153863,10.0,6.7122061676604705
B3Pb3NO10,mp-1200969,3.4029,5.4456,2.0427,-2.025612645882354,10.0,3.57830616766047
B4C,mp-1238815,3.2421999999999995,8.347,5.1048,-0.13057265133333354,10.0,3.4176061676604697
B4PbO7,mp-9747,4.209300000000001,8.7291,4.5198,-2.6473397413889153,17.249810543333332,4.420735343455434
B5H12NO12,mp-703444,5.5022,3.3632,-2.139,-1.8321827448611117,10.0,5.67760616766047
B5H4NO8,mp-1196660,5.7298,4.7895,-0.9403,-2.171494176296297,10.0,5.90520616766047
B5H7,mp-706630,3.5551,1.1904,-2.3647,-0.09526462864583311,10.0,3.73050616766047
B5Pb2BrO9,mp-23623,3.4053000000000004,5.3981,1.9928,-2.5046800976960775,10.0,3.5807061676604706
B5Pb2ClO9,mp-557103,3.4890000000000003,5.4015,1.9125,-2.528180391225491,10.0,3.6644061676604704
B6As,mp-624,2.6463,7.1108,4.4645,-0.20918894107142855,8.076403676648807,2.8012884158757823
B6H10N,mp-31064,5.6556,2.9186,-2.737,-0.27971710919117626,10.0,5.83100616766047
B6O,mp-1346,1.8563999999999998,6.9422,5.0858,-0.805272605000001,6.400912510000011,1.983604450253589
B6P,mp-28395,2.4817,7.6493,5.1676,-0.3262236497108851,7.820676856652011,2.6332176452111042
B8H4PbO15,mp-1200630,4.763299999999999,4.9045,0.1412,-2.4485756311011895,10.0,4.938706167660469
B9H11,mp-29654,2.9118,0.8748,-2.037,-0.09809325075000004,10.0,3.08720616766047
B9Pb8O21F,mp-1182634,3.4333000000000005,6.0669,2.6336,-2.368490273141025,10.0,3.6087061676604706
BAs5(Pb3O10)2,mp-622018,2.9397,4.7632,1.8235,-1.8199804048958335,10.0,3.1151061676604703
BAsO4,mp-3277,4.282,4.2201,-0.0619,-2.130445326111111,5.79938843333377,4.39531321311286
BBr3,mp-23225,3.8356000000000003,0.9656,-2.87,-0.9275074260416662,2.371682143349396,3.8356000000000003
BCl(OF2)2,mp-557856,1.9592,-1.1555,-3.1147,-1.9474560555208336,9.494184796667293,2.13003900796382
BCl3,mp-23184,4.7211,1.7685,-2.9526,-1.4336250847916658,2.1952198533407725,4.7211
BClF6,mp-23398,3.3471,-0.0219,-3.369,-2.0549925302083327,4.3000482600000005,3.4088717611009605
BH(PbO2)2,mp-1105235,3.0854,4.9333,1.8479,-1.9099985425520831,10.0,3.26080616766047
BH2OF3,mp-707009,7.567699999999999,3.2657,-4.302,-2.3875311930952385,3.537728866666667,7.586513064839742
BH3OF4,mp-696379,7.668699999999999,3.73,-3.9387,-2.285626169768518,4.313198446666667,7.731079575728002
BH4NF4,mp-720391,7.481199999999999,3.8552,-3.626,-1.9334264341666667,6.216545566666667,7.604432497788642
BH4O2F3,mp-696656,7.0689,3.7359,-3.333,-2.0667254129166666,4.276518533333333,7.129574865756176
BH5(OF2)2,mp-1196968,7.264003728302118,3.6210029695308963,-3.643000758771222,-2.0387680714930556,10.0,7.439409895962588
BHO2,mp-1198592,7.1898,5.8645,-1.3253,-2.2581275661458338,10.0,7.36520616766047
BHS3O11,mp-1200187,5.696299999999999,4.6812,-1.0151,-1.7841082242447914,10.0,5.871706167660469
BI3,mp-23189,2.6901,1.9891,-0.701,-0.3473448510416679,2.93814651666272,2.6901
BN,mp-604884,4.422000000000001,6.243,1.821,-1.4129789931250016,5.092234733341016,4.514785753584875
BN(OF2)2,mp-555207,3.0020000000000002,-0.0612,-3.0632,-2.098217240208334,4.574556953333334,3.0757349161983423
BNF8,mp-4674,2.9979,0.0989,-2.899,-1.7521137324166667,3.9710634533333327,3.0431556542243543
BP,mp-1479,1.2435999999999998,8.6548,7.4112,-0.4833042952380957,9.272071146925382,1.4122760264299434
BP(PbO2)4,mp-1201606,3.0004999999999997,6.6804,3.6799,-2.1429316931292512,10.0,3.17590616766047
BPBr6,mp-1201622,3.1463,2.2929,-0.8534,-0.8719709132886901,10.0,3.32170616766047
BPH4NO4F,mp-1195775,5.822624664282443,5.283824463133651,-0.5388002011487922,-1.8902104003174607,10.0,5.998030831942913
BPO4,mp-3589,7.2637,7.6056,0.3419,-2.76428254563492,4.911909256655534,7.35030544246175
BPPbO5,mp-21266,4.2593000000000005,7.4225,3.1632,-2.546615575267857,26.061241773425575,4.487538041412761
BPS4,mp-27724,2.2760000000000002,2.5891,0.3131,-0.6453724256349194,4.060339379999938,2.3260021948706173
BPb2O3F,mp-1202733,3.1984,5.593,2.3946,-2.266755205357142,10.0,3.37380616766047
BS2,mp-540668,2.5564,2.8279,0.2715,-0.7289695282638883,10.0,2.73180616766047
BSBr,mp-27245,3.6628000000000003,1.6143,-2.0485,-0.8584036427777764,10.0,3.8382061676604704
BSF7,mp-27349,4.9968,1.9826,-3.0142,-2.5228999101851812,4.2068393933333335,5.054154633299472
BSbPbS4,mp-1228703,2.1522,5.1875,3.0353,-0.6995956877380937,10.0,2.3276061676604702
BSe2,mp-1214789,2.0305,2.7449,0.7144,-0.19495705187499843,10.0,2.20590616766047
BTe3(OF5)3,mp-561226,3.7899,0.863,-2.9269,-2.342937947916667,10.0,3.9653061676604695
Ba(Ag3O2)2,mp-27286,1.2579999999999996,5.1964,3.9384,-0.8302840465909082,10.0,1.4334061676604697
Ba(AgTe)2,mp-18501,0.6733000000000002,4.3771,3.7038,-0.9527258868333288,20.527124150000002,0.892669806869435
Ba(AlCl4)2,mp-30023,5.3891,3.6171,-1.772,-2.2955715468181803,10.0,5.56450616766047
Ba(AlS2)2,mp-14246,3.6517000000000004,6.0719,2.4202,-1.7547655198809493,10.0,3.8271061676604705
Ba(AlSe2)2,mp-1228740,3.5582,4.8084,1.2502,-1.5790870441964253,10.0,3.73360616766047
Ba(AlTe2)2,mp-28505,1.5444,4.5317,2.9873,-1.1404904002380931,10.517658443333332,1.7240254271731175
Ba(AsO3)2,mp-1105233,3.6892000000000005,4.7765,1.0873,-2.1889861894444445,10.0,3.8646061676604706
Ba(AuF4)2,mp-28719,2.4882,0.2259,-2.2623,-2.20941216272727,6.430311596666667,2.6160167610660765
Ba(AuF6)2,mp-558168,1.5741999999999998,-2.0421,-3.6163,-1.7868542074999993,10.0,1.74960616766047
Ba(AuO2)2,mp-9297,1.4498000000000002,3.4548,2.005,-1.4456367814285715,10.85442296,1.631954215751354
Ba(BH)12,mp-1203559,6.285,3.6934,-2.5916,-0.4501258381999992,10.0,6.46040616766047
Ba(BH4)2,mp-2647015,5.6574,2.67,-2.9874,-0.5125113818939394,10.0,5.83280616766047
Ba(BO2)2,mp-540659,4.522399999999999,4.5379,0.0155,-3.0969251626190455,7.6094805299653645,4.670875366433437
Ba(BS2)2,mp-30126,2.7224000000000004,4.9111,2.1887,-1.273449396190475,9.88723738333333,2.8968284753865654
Ba(BSe3)2,mp-570823,1.7096,3.8484,2.1388,-0.8903812985995359,10.0,1.8850061676604701
Ba(BeN)2,mp-12927,1.1789999999999998,3.8185,2.6395,-1.1079637560000002,15.396925793356365,1.3844547805873293
Ba(BiS2)2,mp-1228976,1.2535000000000003,4.7422,3.4887,-1.1780212901587273,10.0,1.4289061676604704
Ba(BrF4)2,mp-1190125,3.2254,1.87,-1.3554,-2.1041295709090893,10.0,3.40080616766047
Ba(BrO3)2,mp-554626,4.1924,3.5831,-0.6093,-1.1678331411111118,7.549954473333334,4.33998714802532
Ba(CdP)2,mp-8279,0.6823000000000001,3.604,2.9217,-0.5651984778571411,24.388376983341193,0.9082817518471671
Ba(ClO4)2,mp-1190390,5.4454,5.6741,0.2287,-1.1106988154545456,10.318931396666665,5.6234557324818715
Ba(CuO)2,mp-7374,1.3862999999999999,4.398,3.0117,-1.6165886499999942,15.620517196643993,1.5925517426988578
Ba(CuS)2,mp-5970,0.9052000000000007,6.0772,5.172,-1.126581507999994,10.0,1.0806061676604708
Ba(DyS2)2,mp-1193410,1.743543177159915,4.278627622850913,2.5350844456909982,-2.4205534197619007,10.0,1.9189493448203852
Ba(DySe2)2,mp-1193797,1.3769962106956641,3.6353678999996997,2.2583716893040355,-2.23995193467262,10.0,1.5524023783561343
Ba(DyTe2)2,mp-17927,0.7862,4.5064,3.7202,-1.7788461139285698,10.0,0.9616061676604702
Ba(ErS2)2,mp-1192439,1.7287014625258745,4.352042896149425,2.6233414336235503,-2.4248126207142846,10.0,1.9041076301863447
Ba(ErSe2)2,mp-1192805,1.3673008940973936,3.646342433041401,2.2790415389440075,-2.236903161696428,10.0,1.5427070617578638
Ba(ErTe2)2,mp-17928,0.7848999999999995,4.5531,3.7682,-1.7678313220238075,10.0,0.9603061676604697
Ba(FeBr4)2,mp-568396,0.9257000000000001,-0.394,-1.3197,-1.3798732248863634,10.0,1.10110616766047
Ba(FeO2)2,mp-19154,1.7417999999999998,2.9069,1.1651,-2.089097835714285,12.973347430052897,1.936853591286664
Ba(GaAs)2,mp-1183302,1.2171000000000003,4.0476,2.8305,-0.6460903610000003,23.95604088666666,1.4424473921962526
Ba(GaO2)2,mp-1228877,3.022,3.3326,0.3106,-2.61306689,10.0,3.19740616766047
Ba(GaP)2,mp-1105728,1.3569999999999998,4.6914,3.3344,-0.6553651958571421,22.140177843333333,1.5794124541471375
Ba(GaS2)2,mp-849286,2.9073,4.7361,1.8288,-1.46166345607143,10.0,3.0827061676604703
Ba(GaSe2)2,mp-7841,1.8607,2.8493,0.9886,-1.36306374919643,10.211674790000004,2.037883154295898
Ba(GaTe2)2,mp-38117,0.5273999999999996,3.2278,2.7004,-1.025832131666665,13.477721629992638,0.7249264330770713
Ba(GdSe2)2,mp-1194410,1.225643741305177,3.327000201809907,2.10135646050473,-2.2541988656249967,10.0,1.4010499089656472
Ba(GdTe2)2,mp-1182773,0.7584412560855691,4.286100058925619,3.52765880284005,-1.8094751830952396,10.0,0.9338474237460394
Ba(GeP)2,mp-27809,0.5244,4.7284,4.204,-0.5029075863571428,22.016434886666662,0.746594831350133
Ba(H8O5)2,mp-626268,3.904,3.3521,-0.5519,-1.3962899307407408,10.0,4.07940616766047
Ba(HO)2,mp-626973,4.577,4.6671,0.0901,-2.0572135710000006,10.0,4.75240616766047
Ba(HoS2)2,mp-1193583,1.7395482343926645,4.318487261187263,2.5789390267945986,-2.4201392932142816,10.0,1.9149544020531346
Ba(HoTe2)2,mp-17273,0.7850000000000001,4.5126,3.7276,-1.7708586570238103,10.0,0.9604061676604704
Ba(IO3)2,mp-30991,3.5435999999999996,4.5709,1.0273,-1.546153766666666,10.40277145,3.7223252774693063
Ba(InS2)2,mp-21943,2.743,4.9182,2.1752,-1.3637427638690462,10.0,2.91840616766047
Ba(InSe2)2,mp-21766,1.687,3.5558,1.8688,-1.3021457886011905,10.0,1.8624061676604702
Ba(InTe2)2,mp-21183,0.9642,4.0911,3.1269,-1.0176882935714266,12.840168250000003,1.1585682205256422
Ba(LuS2)2,mp-984052,1.7448000000000001,4.3384,2.5936,-2.415832439761902,10.0,1.9202061676604703
Ba(LuSe2)2,mp-1192674,1.3816060777029233,3.6712348418231673,2.289628764120244,-2.217454517529764,10.0,1.5570122453633934
Ba(LuTe2)2,mp-1192634,1.1266000000000003,4.838,3.7114,-1.7377892467857141,10.0,1.3020061676604704
Ba(MgAs)2,mp-8280,1.0689000000000002,3.6694,2.6005,-0.928578429000002,17.001837113333597,1.2796105121069452
Ba(MgP)2,mp-8278,1.1366,4.1006,2.964,-0.9180718758571423,16.31787536666531,1.3451970992298599
Ba(MgSb)2,mp-9567,0.8466,4.2667,3.4201,-0.8334507839999983,17.36573706000025,1.0583670982708564
Ba(NO3)2,mp-4396,3.6327000000000003,2.6173,-1.0154,-1.5901765722222234,10.0,3.8081061676604704
Ba(NbN2)2,mp-1029502,2.1708,4.3416,2.1708,-1.1048468960714284,24.04063042333334,2.396273304377575
Ba(NdS2)2,mp-866306,1.6426000000000003,4.3601,2.7175,-2.3756840785714255,10.0,1.8180061676604704
Ba(PN2)2,mp-2983,3.9118000000000004,8.6547,4.7429,-1.0379808983503402,10.0,4.0872061676604705
Ba(PO3)2,mp-559939,5.4349,6.3048,0.8699,-2.9809590779761885,10.0,5.61030616766047
Ba(PdS2)2,mp-28967,0.7713999999999999,3.8181,3.0467,-1.1246288721428581,17.04833398,0.9822480295824683
Ba(SbO3)2,mp-9127,2.8701000000000003,4.7438,1.8737,-2.376879317777779,9.935126326665435,3.0449464009137186
Ba(SbS2)2,mp-28129,1.4872999999999998,5.2778,3.7905,-1.1204724087499969,10.0,1.66270616766047
Ba(SbSe2)2,mp-4727,0.9964999999999997,4.2855,3.289,-1.0657434291964287,10.0,1.1719061676604698
Ba(Si3N4)2,mp-567771,3.2602,8.9312,5.671,-1.3135101953333332,11.457967353333332,3.4465143457136502
Ba(SmS2)2,mp-1194376,1.7591812128362814,4.141416375123278,2.3822351622869964,-2.3977629025000016,10.0,1.9345873804967515
Ba(SmSe2)2,mp-1193757,1.4345622629628227,3.471927203941564,2.0373649409787413,-2.236313439196427,10.0,1.6099684306232929
Ba(SmTe2)2,mp-17786,0.7957000000000001,4.3216,3.5259,-1.7951484220238112,10.0,0.9711061676604703
Ba(TaN2)2,mp-1029616,2.6931,4.8797,2.1866,-1.2803639788809522,18.704474856666668,2.908400302844154
Ba(TbS2)2,mp-1193223,1.7410087561763277,4.2766933959372855,2.535684639760958,-2.4209132394047606,10.0,1.9164149238367978
Ba(TbTe2)2,mp-17153,0.7858999999999998,4.4853,3.6994,-1.7869481571428543,10.0,0.9613061676604701
Ba(TmS2)2,mp-1193579,1.7466582886164321,4.357102831293968,2.610444542677536,-2.4218725789285735,10.0,1.9220644562769023
Ba(TmSe2)2,mp-1193169,1.3806571626831454,3.651018818773073,2.2703616560899276,-2.2295602724107177,10.0,1.5560633303436155
Ba(TmTe2)2,mp-18196,0.7841,4.5686,3.7845,-1.7554992477380975,10.0,0.9595061676604703
Ba(YS2)2,mp-29036,1.7564000000000006,4.3691,2.6127,-2.415136379285715,10.0,1.9318061676604708
Ba(YSe2)2,mp-1193099,1.4872371426874658,3.7545295181700387,2.267292375482573,-2.2407600224107145,10.0,1.6626433103479359
Ba(YTe2)2,mp-17872,0.8059000000000003,4.5437,3.7378,-1.7877629020238095,10.0,0.9813061676604705
Ba10P6SO24,mp-16990,3.188,5.2157,2.0277,-3.2603540257404173,10.0,3.3634061676604703
Ba11B26P2(H3O29)2,mp-1195112,4.492699999999999,5.6732,1.1805,-2.9255881093215446,10.0,4.668106167660469
Ba13Ca2Re9(ClO15)3,mp-1229338,2.4046,3.4871,1.0825,-2.7556332159374994,10.0,2.58000616766047
Ba13Dy8Zn4Pt4O37,mp-555356,2.2975000000000003,4.9316,2.6341,-2.8347090289141406,10.0,2.4729061676604704
Ba13Si6(Sn4As11)2,mp-1197065,1.1015000000000001,4.7492,3.6477,-0.6772965139795933,10.0,1.2769061676604703
Ba14AlSb11,mp-530714,0.5247999999999999,3.8762,3.3514,-1.111051576442307,10.0,0.7002061676604702
Ba16Nb5N19,mp-30001,1.6979000000000002,4.2693,2.5714,-1.0177903553749998,26.694771386666673,1.9269186936491864
Ba16Re6O37,mp-1197806,1.5967000000000002,3.4719,1.8752,-2.7922751738983056,10.0,1.7721061676604704
Ba17Er16Zn8Pt4O57,mp-561249,2.3049,4.9207,2.6158,-3.003902968480391,10.0,2.48030616766047
Ba17Ho16Zn8Pt4O57,mp-555188,2.2984000000000004,4.9012,2.6028,-2.994306925637253,10.0,2.4738061676604706
Ba17Tm16Zn8Pt4O57,mp-557741,2.3147,4.9081,2.5934,-3.0142126382843153,10.0,2.4901061676604703
Ba17Y16Zn8Pt4O57,mp-560146,2.2817,4.9661,2.6844,-2.9625890801470596,10.0,2.45710616766047
Ba21(Cd2Sb9)2,mp-684034,0.7313999999999998,4.0405,3.3091,-1.0557960452325574,10.0,0.9068061676604701
Ba2AlCu2F11,mp-561318,0.5741999999999999,1.1578,0.5836,-3.2427062757291663,10.0,0.7496061676604701
Ba2AlH7,mp-698114,2.96,3.4154,0.4554,-0.5301886976249935,10.0,3.13540616766047
Ba2AlInO5,mp-556282,2.0183,4.9424,2.9241,-2.872980514907408,10.0,2.19370616766047
Ba2As2O7,mp-1194732,4.2477,4.4575,0.2098,-2.506528066136352,10.0,4.42310616766047
Ba2As2S5,mp-28134,1.3727,3.8718,2.4991,-1.3689743884722216,10.0,1.5481061676604702
Ba2As2Se5,mp-28348,1.0236999999999998,3.187,2.1633,-1.2948689168576415,10.0,1.19910616766047
Ba2As6O11,mp-757280,3.1679000000000004,4.4672,1.2993,-2.0628242065789486,10.0,3.3433061676604705
Ba2AsAu,mp-861937,0.5211000000000001,3.3496,2.8285,-0.9461468618750004,38.27312691333331,0.7598336024695368
Ba2B11H7O22,mp-1196038,5.6652,5.3236,-0.3416,-2.5705614965376973,10.0,5.84060616766047
Ba2B2AsH3F18,mp-1198263,5.05,1.4572,-3.5928,-3.013354101714744,10.0,5.22540616766047
Ba2B2O5,mp-771158,3.9978,4.6228,0.625,-3.1415674481481477,10.0,4.17320616766047
Ba2B4Se13,mp-30105,1.3330000000000002,3.5466,2.2136,-0.8763530195860737,10.0,1.5084061676604703
Ba2B5HO10,mp-1198110,4.788715616859062,5.535814493296891,0.7470988764378284,-2.930648694560185,10.0,4.9641217845195325
Ba2B6PbO12,mp-1194549,4.233700000000001,5.4576,1.2239,-2.9034744616666663,10.0,4.409106167660471
Ba2Bi2O5,mp-28670,2.0128999999999997,4.8633,2.8504,-2.288425597777783,28.463470429999997,2.2439141943456673
Ba2BiSbO6,mp-23127,1.6958000000000002,5.8085,4.1127,-2.4530071729999987,31.07766483,1.9293476520030166
Ba2Ca(BO2)6,mp-8271,5.0129,5.4429,0.43,-3.113965850714285,7.806842800000001,5.164223403822921
Ba2Ca(BO3)2,mp-549737,4.080500000000001,5.7678,1.6873,-3.224687858030303,13.030661399609144,4.275844230346117
Ba2Ca(PdO2)3,mp-17380,1.4866000000000001,3.9203,2.4337,-2.0190231104166663,10.0,1.6620061676604703
Ba2CaCr2CuF14,mp-582663,1.0019,1.0714,0.0695,-3.4169483612500002,10.0,1.1773061676604701
Ba2CaGa2CuF14,mp-1214730,1.7659000000000002,2.4384,0.6725,-3.3781478925000004,10.0,1.9413061676604704
Ba2CaMgAl2F14,mp-540862,7.1835,6.3841,-0.7994,-4.0412615685,10.0,7.358906167660471
Ba2CaMn2CuF14,mp-1045850,1.0988,1.3077,0.2089,-3.3015977622931034,10.0,1.2742061676604701
Ba2CaMnV2F14,mp-1214724,1.2483005201713284,3.101200137728046,1.8528996175567174,-3.638397751146551,10.0,1.4237066878317985
Ba2CaMoN4,mp-1214858,2.4126999999999996,4.8221,2.4094,-1.1002963640625012,10.0,2.5881061676604697
Ba2CaMoO6,mp-19403,2.2618000000000005,4.5521,2.2903,-2.9021457209999992,10.0,2.4372061676604706
Ba2CaP4(H3O8)2,mp-758007,5.4657,6.0633,0.5976,-2.56185141986453,10.0,5.64110616766047
Ba2CaSeO6,mp-1520564,2.01,4.885,2.875,-2.5497940242343753,10.0,2.18540616766047
Ba2CaSi4(BO7)2,mp-1019518,4.8764,6.2976,1.4212,-3.3124076855797098,7.716333219999999,5.026435391136373
Ba2CaTeO6,mp-550685,3.0122,6.0283,3.0161,-2.7869202976666663,10.0,3.18760616766047
Ba2CaUO6,mp-557448,2.1947,4.6989,2.5042,-3.550436109999999,10.0,2.37010616766047
Ba2CaV2CoF14,mp-1203415,2.5605,3.0932,0.5327,-3.539550328499999,10.0,2.7359061676604703
Ba2CaV2FeF14,mp-1214736,1.021400463793015,3.1426002983784795,2.1211998345854646,-3.582641879750001,10.0,1.196806631453485
Ba2CaWO6,mp-19098,3.2912,5.3088,2.0176,-3.0327365709999996,10.0,3.46660616766047
Ba2Cd(BO2)6,mp-1190588,4.3316,4.8971,0.5655,-2.89545509547619,7.985719543333334,4.485383071253844
Ba2Cd(BO3)2,mp-1102943,2.8413215343398885,4.428405014892554,1.587083480552665,-2.8155873580303026,10.0,3.0167277020003587
Ba2CdGe2O7,mp-1214739,2.930644293636009,3.3499417332233885,0.4192974395873798,-2.5046441837499995,10.0,3.106050461296479
Ba2CdMoO6,mp-1207118,2.5376000000000003,4.6264,2.0888,-2.469319745,10.0,2.7130061676604704
Ba2CdP4(H3O8)2,mp-1199629,4.4355,5.0631,0.6276,-2.3940194314162557,10.0,4.61090616766047
Ba2CdS3,mp-18309,2.0892,3.9044,1.8152,-1.8496002737500004,10.0,2.26460616766047
Ba2Ce3Si3O12F,mp-2899768,1.1212,6.8695,5.7483,-3.5054897021428557,10.0,1.29660616766047
Ba2CePbO6,mp-1228392,2.3054,5.211,2.9056,-2.8738340829999993,10.0,2.4808061676604702
Ba2CePtO6,mp-21879,1.7246000000000001,5.5624,3.8378,-2.8005420769999994,10.0,1.9000061676604703
Ba2CeSnO6,mp-1521094,2.1443999999999996,5.4925,3.3481,-3.1156891165000005,10.0,2.3198061676604698
Ba2CoGe2O7,mp-1190827,2.1240000000000006,4.1538,2.0298,-2.4915868775,10.0,2.2994061676604707
Ba2CoSi2O7,mp-510015,3.1380999999999997,5.2086,2.0705,-3.05940255,10.0,3.31350616766047
Ba2CrO4,mp-17520,0.5412000000000003,4.3379,3.7967,-2.7318941014285727,10.0,0.7166061676604706
Ba2Cu(PO3)6,mp-558012,0.9601000000000002,2.3481,1.388,-2.7393298503835988,10.0,1.1355061676604703
Ba2Cu2O5,mp-772788,0.7701,1.801,1.0309,-1.9262245013888881,10.0,0.9455061676604702
Ba2CuBrO2,mp-552934,2.3159,3.7454,1.4295,-2.2768791274999995,10.0,2.49130616766047
Ba2CuF6,mp-3879,0.8501,1.4725,0.6224,-3.3912202111111016,10.0,1.02550616766047
Ba2CuIO2,mp-561179,2.2608,4.0388,1.778,-2.1677920900000025,10.0,2.4362061676604703
Ba2CuMo2F14,mp-1045817,1.2404000000000002,0.6881,-0.5523,-3.0628166555263157,10.0,1.4158061676604703
Ba2DyBiO6,mp-1516815,1.7330999999999999,4.0565,2.3234,-2.827802711166666,10.0,1.90850616766047
Ba2DyCl7,mp-1214746,5.4193999999999996,5.3926,-0.0268,-2.870419602166666,10.0,5.59480616766047
Ba2DyNbO6,mp-12640,2.8597,4.8365,1.9768,-3.458601736166666,10.0,3.0351061676604703
Ba2DyPaO6,mp-1205636,3.4627999999999997,6.2391,2.7763,-3.7418425121666674,10.0,3.63820616766047
Ba2DySbO6,mp-6192,3.4686000000000003,6.4157,2.9471,-3.092258773166665,10.0,3.6440061676604705
Ba2DyTaO6,mp-1206435,3.3837,5.4763,2.0926,-3.5795925628999994,10.0,3.5591061676604703
Ba2DyUO6,mp-1205693,0.8682999999999996,6.0131,5.1448,-3.6562066461666674,10.0,1.0437061676604698
Ba2ErCl7,mp-651358,4.9184,5.0837,0.1653,-2.8653867155000006,10.0,5.09380616766047
Ba2ErNbO6,mp-6653,2.8541999999999996,4.8424,1.9882,-3.479930908,10.0,3.0296061676604698
Ba2ErPaO6,mp-1205790,3.4587,6.2359,2.7772,-3.763198976999999,10.0,3.63410616766047
Ba2ErSbO6,mp-6231,3.3844000000000003,6.3451,2.9607,-3.108728319000001,10.0,3.5598061676604704
Ba2ErTaO6,mp-1205803,3.3933999999999997,5.4833,2.0899,-3.6005731267333325,10.0,3.56880616766047
Ba2ErUO6,mp-1206292,0.8790000000000004,6.017,5.138,-3.6772744139999984,10.0,1.0544061676604706
Ba2Fe2O5,mp-1196071,1.6103,3.7876,2.1773,-2.2993204539682544,10.0,1.7857061676604702
Ba2Fe3P6HO22,mp-735530,2.5545999999999998,3.6976,1.143,-2.628824755267857,10.0,2.73000616766047
Ba2FeMoO6,mp-1288978,0.9037000000000002,4.639,3.7353,-2.5011106080000003,10.0,1.0791061676604703
Ba2FeO4,mp-542120,1.9953999999999998,3.2775,1.2821,-2.3925834021428565,10.0,2.1708061676604697
Ba2FeWO6,mp-18845,3.0822999999999996,5.6815,2.5992,-2.6401709015000003,10.0,3.2577061676604697
Ba2Ga2S5,mp-18421,2.7747,4.5256,1.7509,-1.6680806641666663,10.0,2.9501061676604703
Ba2GaAsSe5,mp-1195309,1.8702999999999999,3.4576,1.5873,-1.4389959818576388,10.0,2.04570616766047
Ba2GaBiS5,mp-1201906,2.391,4.5697,2.1787,-1.5727909155555555,10.0,2.56640616766047
Ba2GaBiSe5,mp-1203584,1.7507207527433715,3.639620002486901,1.8888992497435297,-1.4934506382465278,10.0,1.9261269204038416
Ba2GaS4,mp-1199702,2.5322,4.6467,2.1145,-1.798425556428571,10.0,2.70760616766047
Ba2GaSbS5,mp-1203806,2.3966999999999996,4.7555,2.3588,-1.5613134163888884,10.0,2.5721061676604697
Ba2GaSbSe5,mp-1203387,1.8066999999999998,3.8318,2.0251,-1.4770865288020838,10.0,1.9821061676604699
Ba2GdBiO6,mp-1520715,1.5940999999999996,3.8625,2.2684,-2.7969715697500006,10.0,1.7695061676604698
Ba2GdC2(O2F)3,mp-8986,3.0692,3.7184,0.6492,-3.189243514642857,10.0,3.24460616766047
Ba2GdCl7,mp-29084,2.4275,2.5565,0.129,-2.8726113354999994,10.0,2.6029061676604703
Ba2GdMoO6,mp-1079839,0.9083000000000001,4.3102,3.4019,-3.040581021999999,10.0,1.0837061676604702
Ba2GdNbO6,mp-22531,2.7148000000000003,4.7411,2.0263,-3.423956167000001,10.0,2.8902061676604704
Ba2GdPaO6,mp-1205929,3.6553999999999998,6.4593,2.8039,-3.703111186,10.0,3.83080616766047
Ba2GdSbO6,mp-753668,3.4808000000000003,6.2929,2.8121,-3.0568314610000074,10.0,3.6562061676604705
Ba2GdTaO6,mp-1205549,3.3075999999999994,5.3241,2.0165,-3.543877060733334,10.0,3.4830061676604696
Ba2GdUO6,mp-1205845,0.8429000000000002,5.868,5.0251,-3.618613175999999,10.0,1.0183061676604703
Ba2Ge2Se5,mp-18335,1.2918,3.108,1.8162,-1.3865706779687506,10.0,1.4672061676604702
Ba2Ge2Te5,mp-17885,0.6240999999999999,4.0237,3.3996,-1.0869845000925933,16.987716886666664,0.8347686016108035
Ba2GeAs2,mp-8195,0.5526,3.4228,2.8702,-0.8893343135000024,20.07948737,0.7710387911100551
Ba2GeO4,mp-780263,4.176399999999999,5.1983,1.0219,-2.8565758438095243,10.0,4.351806167660469
Ba2GeP2,mp-8194,0.5682,3.8424,3.2742,-0.8507398508571413,19.659445083333335,0.7857266098678625
Ba2GeS4,mp-540805,2.2853,4.3216,2.0363,-1.7188717157142837,10.0,2.46070616766047
Ba2GeSe4,mp-11902,1.4121000000000001,3.2648,1.8527,-1.6233069270535705,63.066776036666646,1.6596391805862718
Ba2H2Pd(S5O17)2,mp-1195529,1.5874,1.9782,0.3908,-1.865396076887755,10.0,1.76280616766047
Ba2H6Os,mp-697044,1.9684,3.347,1.3786,-0.5179564941666668,11.661519090000008,2.156020288357292
Ba2H6Pt,mp-643253,1.7477,2.8441,1.0964,-0.5388367430555547,15.239623129999998,1.952580082394589
Ba2H6Ru,mp-697038,1.8727999999999998,3.1226,1.2498,-0.5321339786111108,11.78959394333333,2.061218874723765
Ba2H8PtO8,mp-1200998,2.4360046805332787,3.5495376427754204,1.1135329622421417,-1.6769681805263161,10.0,2.611410848193749
Ba2HfO4,mp-754363,3.4379999999999997,5.3839,1.9459,-3.536360435714286,53.48340826333541,3.683103555442594
Ba2HfS4,mp-9321,0.8645999999999998,3.3427,2.4781,-2.2083305614285718,39.07376125068722,1.1037925542376943
Ba2HgS5,mp-1194545,1.9825,3.9351,1.9526,-1.4468766143750016,10.0,2.15790616766047
Ba2HoCl7,mp-1214684,5.4559,5.4291,-0.0268,-2.8670788825000004,10.0,5.63130616766047
Ba2HoNbO6,mp-12641,2.8596,4.827,1.9674,-3.4687507135000004,10.0,3.03500616766047
Ba2HoPaO6,mp-1205699,3.9051,6.5294,2.6243,-3.7519611845000016,10.0,4.08050616766047
Ba2HoSbO6,mp-6687,3.4227999999999996,6.3637,2.9409,-3.0998822164999993,10.0,3.5982061676604697
Ba2HoTaO6,mp-13000,3.4478000000000004,5.4724,2.0246,-3.5903397202333323,10.0,3.6232061676604705
Ba2HoUO6,mp-1205585,0.8731999999999998,5.9843,5.1111,-3.6662475604999996,10.0,1.0486061676604699
Ba2In2O5,mp-20546,0.9114999999999998,3.9644,3.0529,-2.4223918959259274,15.722219173333329,1.118106745792631
Ba2In2S5,mp-22841,1.9866000000000001,4.5414,2.5548,-1.5823980721759225,10.0,2.1620061676604703
Ba2In2Si3SO10,mp-1194952,2.8920000000000003,5.5708,2.6788,-2.8884629843518517,10.0,3.0674061676604705
Ba2InBiS5,mp-864638,1.4528999999999996,4.5203,3.0674,-1.5203117037962959,27.791666980000002,1.6831861601452012
Ba2InBiSe5,mp-1105202,1.061,3.5885,2.5275,-1.4701254198206017,10.0,1.23640616766047
Ba2InCuO4,mp-1228360,1.1107999999999998,4.1815,3.0707,-2.2252493208333326,10.0,1.28620616766047
Ba2InGaO5,mp-1106089,1.4144999999999999,4.146,2.7315,-2.570699569351852,18.058266269999944,1.6281602299464655
Ba2InO3F,mp-19956,2.0404,4.6182,2.5778,-2.865998735238095,24.599475933333334,2.266683392115172
Ba2InSbO6,mp-1206536,0.5239999999999996,4.438,3.914,-2.535739393666667,10.0,0.6994061676604698
Ba2InSbSe5,mp-1189339,0.7680000000000002,3.7515,2.9835,-1.4306021920428238,10.0,0.9434061676604705
Ba2La3Si3O12F,mp-686674,4.109400000000001,7.2948,3.1854,-3.6749721470238086,10.0,4.284806167660471
Ba2LaAg5S6,mp-553874,1.4647000000000006,4.6736,3.2089,-1.270610511309522,15.920207313333334,1.671984837775972
Ba2LaBiO6,mp-1078409,1.8277999999999999,4.6898,2.862,-2.788171481500001,10.0,2.00320616766047
Ba2LaC3O9F,mp-18111,3.8772999999999995,5.9304,2.0531,-2.8582040146875007,10.0,4.052706167660469
Ba2LaNbO6,mp-553281,3.0639,5.7153,2.6514,-3.3879811675000004,58.562549022995455,3.310393710362802
Ba2LaPaO6,mp-1205623,3.3736,6.9515,3.5779,-3.6514718885,10.0,3.5490061676604703
Ba2LaSbO6,mp-551269,3.8961,7.4379,3.5418,-3.0319059435,25.04288894395332,4.123000427611951
Ba2LaTaO6,mp-13055,3.6212999999999997,6.3652,2.7439,-3.5066615782333344,44.10086515333333,3.8629934611850265
Ba2Li(BO2)5,mp-6075,4.951700000000001,5.8592,0.9075,-3.0323629096759266,10.0,5.127106167660471
Ba2Li3TaN4,mp-573677,2.39705032342683,4.535841923540117,2.138791600113287,-0.9867448322333331,10.0,2.5724564910873
Ba2LiAl(CN2)4,mp-1197768,4.1427,4.9913,0.8486,-0.8702118541145838,10.0,4.31810616766047
Ba2LiIO6,mp-1207120,2.0784,4.8541,2.7757,-2.2351833338333336,21.63835879000001,2.299914500903719
Ba2LiReN4,mp-10555,1.7902,4.0016,2.2114,-0.9633605801041671,14.600078583333334,1.9926160104785489
Ba2LiReO6,mp-6270,1.8198000000000003,3.6533,1.8335,-2.741621015583333,27.681956529999997,2.049963910215981
Ba2LuBiO6,mp-1078394,1.4518,3.8569,2.4051,-2.8643274956666667,10.0,1.62720616766047
Ba2LuNbO6,mp-12644,2.851,4.8586,2.0076,-3.5062734356666665,10.0,3.02640616766047
Ba2LuSbO6,mp-1078185,3.2383,6.2503,3.012,-3.1285257716666672,10.0,3.4137061676604703
Ba2LuTaO6,mp-1079705,3.4088999999999996,5.5192,2.1103,-3.6264090853999997,10.0,3.5843061676604697
Ba2LuUO6,mp-1206047,2.0388,6.6895,4.6507,-3.69928473166667,10.0,2.2142061676604703
Ba2Mg(BO3)2,mp-9259,4.532399999999999,6.8572,2.3248,-3.127045616666662,12.585255886666666,4.725415929598977
Ba2Mg(PO4)2,mp-14558,4.696999999999999,6.1884,1.4914,-3.2307163659065994,10.0,4.872406167660469
Ba2Mg3H10,mp-733604,3.0265000000000004,3.6112,0.5847,-0.46198349049999954,10.0,3.2019061676604705
Ba2MgGe2O7,mp-1190545,3.6281472046652157,3.911346316169415,0.2831991115041993,-2.7905924054166653,10.0,3.803553372325686
Ba2MgH6,mp-643370,2.8864,3.6398,0.7534,-0.5458185658333323,15.535996870391804,3.092353177881311
Ba2MgMoO6,mp-1205825,2.2639,4.9894,2.7255,-2.8326574255,24.051410669999996,2.4893892872300807
Ba2MgSi2O7,mp-9338,4.4529000000000005,5.6664,1.2135,-3.363647231666667,8.254658983333334,4.610180535676551
Ba2MgUO6,mp-13811,2.0536999999999996,5.1915,3.1378,-3.4572446644999983,10.0,2.2291061676604698
Ba2MgWO6,mp-18986,3.2230999999999996,5.7878,2.5647,-2.9532242795,20.882064370000013,3.4431796553783043
Ba2Mn(AsO4)2,mp-558651,1.2429000000000001,4.006,2.7631,-2.457532997148542,10.0,1.4183061676604702
Ba2Mn(BO2)6,mp-18990,3.9823999999999997,5.7116,1.7292,-2.9541109004967154,10.0,4.157806167660469
Ba2Mn(PO4)2,mp-19487,3.9220000000000006,5.7411,1.8191,-3.064983261324365,10.0,4.097406167660471
Ba2Mn2CuF14,mp-1045769,0.9924000000000001,0.0704,-0.922,-2.964490094782214,10.0,1.16780616766047
Ba2Mn2Si2O9,mp-558695,2.4755999999999996,4.0638,1.5882,-2.9412712876408063,10.0,2.6510061676604697
Ba2Mn3(SeO3)6,mp-560955,0.9861,2.4954,1.5093,-1.8396608135467452,10.0,1.16150616766047
Ba2MnGe2O7,mp-1192147,2.7005,3.885,1.1845,-2.6160235656609196,10.0,2.87590616766047
Ba2MnMoO6,mp-20399,1.2653999999999996,4.6762,3.4108,-2.6296567122931043,10.0,1.4408061676604698
Ba2MnO3,mp-27443,1.4139000000000004,4.3444,2.9305,-2.5622813575718397,10.0,1.5893061676604705
Ba2MnSe3,mp-18513,1.0675,3.4265,2.359,-1.7726298141603827,10.0,1.24290616766047
Ba2MnTe3,mp-16905,0.8251999999999997,4.1708,3.3456,-1.4603592646551729,10.0,1.0006061676604698
Ba2MnTeO6,mp-18992,0.9485999999999999,4.6532,3.7046,-2.4804957404597716,19.075162778351764,1.1647909520039554
Ba2MnV2HO9,mp-1192656,0.9114000000000002,2.0626,1.1512,-2.6172728056120698,10.0,1.0868061676604703
Ba2MnWO6,mp-19085,2.2267,5.3963,3.1696,-2.7469805557931024,10.0,2.4021061676604702
Ba2Na2SrAl4F20,mp-1204071,7.1081,5.7972,-1.3109,-3.8877091392330567,10.0,7.28350616766047
Ba2Na2U(S2O)2,mp-1102325,1.2530000000000001,3.4202,2.1672,-2.36342373752351,10.0,1.4284061676604702
Ba2NaIO6,mp-1091394,2.2417000000000002,4.9438,2.7021,-2.207977574637931,14.808136239999998,2.4449409841858127
Ba2NaReO6,mp-6798,1.8705000000000003,3.6476,1.7771,-2.688152365387931,10.0,2.0459061676604704
Ba2Nb2TeO10,mp-557108,2.9816000000000003,4.2812,1.2996,-2.8590107516111107,10.0,3.1570061676604704
Ba2Nb6Te2O21,mp-16998,2.1571,3.416,1.2589,-2.8513737215591406,10.0,2.33250616766047
Ba2NbCrO6,mp-31627,1.5823999999999998,4.6102,3.0278,-3.056199825000012,10.0,1.75780616766047
Ba2NbFeO6,mp-1021504,1.7475,4.2489,2.5014,-2.8955537204999997,62.70667973000004,1.99496112280007
Ba2NbInO6,mp-20620,3.3501,6.2466,2.8965,-2.959584960666666,10.0,3.52550616766047
Ba2NbN3,mp-17024,1.952,4.223,2.271,-1.157705022499999,19.305802753333335,2.1687278483696932
Ba2NbP2O9F,mp-1228528,2.984722018301668,3.3383151174481203,0.35359309914645237,-3.2340231382857145,10.0,3.160128185962138
Ba2NbRhO6,mp-1205833,0.8889,4.6216,3.7327,-2.733223787000001,27.71886528,1.11910514551103
Ba2Nd2Si4O13,mp-561462,5.046200000000001,7.2309,2.1847,-3.5126079469047617,10.0,5.221606167660471
Ba2NdBiO6,mp-546321,1.6830000000000003,3.7332,2.0502,-2.763932660750001,10.0,1.8584061676604704
Ba2NdNbO6,mp-6167,2.9872999999999994,4.7292,1.7419,-3.3743605727499997,10.0,3.1627061676604695
Ba2NdPaO6,mp-1205708,3.4662,6.1527,2.6865,-3.643724666749999,10.0,3.6416061676604703
Ba2NdSbO6,mp-6122,3.7031,6.3867,2.6836,-3.0134353197500006,10.0,3.87850616766047
Ba2NdTaO6,mp-1205600,3.4981,5.3755,1.8774,-3.4936144624833325,10.0,3.67350616766047
Ba2NdUO6,mp-1205576,0.8979999999999997,5.931,5.033,-3.5589359597499994,10.0,1.0734061676604698
Ba2NdWO6,mp-1519207,1.7938000000000005,5.1435,3.3497,-3.052404307750001,10.0,1.9692061676604706
Ba2Ni(PO4)2,mp-19491,0.9375999999999998,3.5504,2.6128,-2.9179544370604398,10.0,1.11300616766047
Ba2NiMoO6,mp-552567,2.3514,5.1943,2.8429,-2.4492521300000005,23.45017194936358,2.575975442617211
Ba2NiWO6,mp-504723,3.3428999999999998,6.0275,2.6846,-2.563658962499999,20.385983259962156,3.5619806689318287
Ba2P2O7,mp-1019530,5.1483,5.648,0.4997,-3.223110419025973,10.0,5.32370616766047
Ba2P7Br,mp-1105535,1.6528,5.0342,3.3814,-0.8314607517499972,13.664044680000002,1.8511937600016906
Ba2P7I,mp-1188687,1.7662999999999998,5.3549,3.5886,-0.7554200472499992,13.45382887,1.9637134753516783
Ba2PCl,mp-27869,1.2602000000000002,3.237,1.9768,-1.8174295736607151,17.003209933854105,1.4709145830871777
Ba2PbO4,mp-20098,1.2338,3.5613,2.3275,-2.369039861428569,36.20488806667521,1.4712540693381149
Ba2PdF6,mp-29794,1.7553,1.4567,-0.2986,-3.2924955366666566,7.26626017999995,1.8984540501289988
Ba2PrBiO6,mp-1214573,1.7599999999999998,3.7948,2.0348,-2.7460314451666674,10.0,1.93540616766047
Ba2PrNbO6,mp-10344,2.9791000000000003,4.7201,1.741,-3.354416347166667,10.0,3.1545061676604704
Ba2PrPaO6,mp-1206062,3.4661000000000004,6.1595,2.6934,-3.620435965166667,10.0,3.6415061676604705
Ba2PrSbO6,mp-6692,3.712,6.3791,2.6671,-2.994456447166667,10.0,3.8874061676604703
Ba2PrTaO6,mp-1205686,3.4861000000000004,5.3768,1.8907,-3.473158075900001,10.0,3.6615061676604705
Ba2PuZnO6,mp-1207069,0.6585000000000001,5.0287,4.3702,-2.8637118088749984,10.0,0.8339061676604703
Ba2Re6S11,mp-14406,1.3384999999999998,6.0502,4.7117,-1.170297625394733,10.0,1.51390616766047
Ba2Sb2O5,mp-765493,2.3822,4.5651,2.1829,-2.489222776388891,9.89488838,2.5566955169527326
Ba2Sc2O5,mp-755950,2.7100000000000004,4.855,2.145,-3.507443436666667,19.488984036666665,2.927145213374979
Ba2ScCuO4,mp-1228350,2.0282000000000004,4.4351,2.4069,-2.879962554375,10.0,2.2036061676604706
Ba2ScNbO6,mp-1206644,2.5719,4.9242,2.3523,-3.4769086794999993,63.80738754999993,2.8195969529253477
Ba2ScO3F,mp-1228342,3.5461,5.4585,1.9124,-3.588207176428573,10.0,3.72150616766047
Ba2ScPaO6,mp-1206567,3.3981000000000003,6.5106,3.1125,-3.7624299774999996,10.0,3.5735061676604705
Ba2ScTaO6,mp-1205823,3.0173000000000005,5.4728,2.4555,-3.5931783102333332,46.96716096000004,3.260179753151214
Ba2Si3O8,mp-29222,4.5119,5.603,1.0911,-3.377933791730798,10.0,4.68730616766047
Ba2Si5N8,mp-9711,2.8815999999999997,8.3622,5.4806,-1.340124068000002,11.997132896666669,3.0712767434059502
Ba2SiO4,mp-17612,4.6319,6.5034,1.8715,-3.3619768532142857,10.0,4.80730616766047
Ba2SiS4,mp-5838,3.0050000000000003,5.5162,2.5112,-1.8971593110714267,10.0,3.1804061676604705
Ba2SiSe4,mp-14447,2.2783999999999995,4.1568,1.8784,-1.7248023406249975,19.601927926666665,2.495798660140437
Ba2SiTe4,mp-14448,1.1029000000000004,4.3989,3.296,-1.302884688809525,10.0,1.2783061676604706
Ba2SmBiO6,mp-1520422,2.4961,4.4577,1.9616,-2.780479544749999,10.0,2.6715061676604703
Ba2SmGaSe5,mp-1189376,1.7080000000000002,3.4748,1.7668,-1.907945853802083,10.0,1.8834061676604703
Ba2SmMoO6,mp-1095110,0.9085000000000001,4.3506,3.4421,-3.0179772245,10.0,1.0839061676604702
Ba2SmNbO6,mp-1520939,2.9074999999999998,4.7668,1.8593,-3.396624508250001,10.0,3.08290616766047
Ba2SmPaO6,mp-1205602,3.4592000000000005,6.113,2.6538,-3.6802769514999993,10.0,3.6346061676604706
Ba2SmSbO6,mp-6037,3.6828,6.4483,2.7655,-3.0407220915,10.0,3.85820616766047
Ba2SmTaO6,mp-1214622,3.3635149345965862,5.3011033951829996,1.937588460586413,-3.518325293233334,10.0,3.5389211022570564
Ba2SmUO6,mp-1207130,0.8488999999999995,5.8732,5.0243,-3.5953958395,10.0,1.0243061676604697
Ba2SmWO6,mp-1517191,1.7704000000000004,5.1474,3.377,-3.0862287430000004,10.0,1.9458061676604705
Ba2SnO4,mp-3359,2.4494000000000002,5.3304,2.881,-2.7252446964285713,19.786233553332522,2.66720602979449
Ba2SnS3F2,mp-17918,2.3078000000000003,4.1923,1.8845,-2.481164714375,10.0,2.4832061676604704
Ba2SnS4,mp-541832,1.9550999999999994,4.3809,2.4258,-1.7039017599999973,10.0,2.1305061676604695
Ba2SnSe4,mp-1192595,1.7547000000000001,3.6945,1.9398,-1.633364205625,10.0,1.9301061676604703
Ba2SnSe5,mp-31307,1.0872000000000002,3.1413,2.0541,-1.5117992986523436,10.0,1.2626061676604703
Ba2SrSeO6,mp-1523293,2.3123000000000005,4.9572,2.6449,-2.4957543862343754,10.0,2.4877061676604706
Ba2SrTeO6,mp-13356,3.1401000000000003,5.6885,2.5484,-2.730477315666667,18.292954523333336,3.3543692666203166
Ba2SrUO6,mp-14552,2.2855000000000003,4.4405,2.155,-3.5092926230000003,10.0,2.4609061676604704
Ba2SrWO6,mp-18764,3.2504,5.0301,1.7797,-2.968149434,23.148098100000002,3.474498392745389
Ba2Ta2O7,mp-770239,2.9092000000000002,4.4637,1.5545,-3.4398010086057997,10.0,3.0846061676604704
Ba2Ta6Te2O21,mp-6238,2.8259000000000003,4.3993,1.5734,-3.0739147868494623,10.0,3.0013061676604704
Ba2TaBiO6,mp-545544,2.5363,6.0819,3.5456,-2.950626889733333,93.3129856033333,2.788245137447341
Ba2TaCrO6,mp-31630,0.5778000000000008,5.0063,4.4285,-3.1679102164833326,10.0,0.753206167660471
Ba2TaFeO6,mp-1205671,1.8622999999999998,4.447,2.5847,-3.0062138862333336,46.92091986000003,2.10516176529823
Ba2TaInO6,mp-1079630,3.9458999999999995,6.9521,3.0062,-3.075058790399999,29.6896978,4.17815810554283
Ba2TaN3,mp-17400,2.0133,4.3418,2.3285,-1.2520875645555545,18.64243744,2.228447786112404
Ba2TaTlO6,mp-1205650,2.241,4.9474,2.7064,-2.814804107066668,10.0,2.4164061676604702
Ba2TbBiO6,mp-552191,1.7302,3.9453,2.2151,-2.8265844746666664,10.0,1.90560616766047
Ba2TbNbO6,mp-6254,2.9923,4.856,1.8637,-3.4515069166666663,10.0,3.1677061676604703
Ba2TbPaO6,mp-1206245,3.4648999999999996,6.2387,2.7738,-3.7311274436666664,10.0,3.6403061676604698
Ba2TbSbO6,mp-6265,3.5147999999999997,6.4456,2.9308,-3.084002428666667,10.0,3.69020616766047
Ba2TbTaO6,mp-1207064,3.5127999999999995,5.507,1.9942,-3.5712365213999995,10.0,3.6882061676604696
Ba2TbWO6,mp-1214561,1.6795,5.2142,3.5347,-3.1407082416666663,10.0,1.8549061676604701
Ba2TeP2O9,mp-560742,3.4372,5.2147,1.7775,-2.8544899032823134,10.0,3.61260616766047
Ba2ThS6,mp-1189897,1.3091000000000004,4.5651,3.256,-1.9835559516666639,10.0,1.4845061676604705
Ba2Ti(GeO4)2,mp-6289,3.7129000000000003,4.3196,0.6067,-2.894512731410256,27.294080520000005,3.9426238220727083
Ba2Ti(SiO4)2,mp-6081,3.7274000000000003,5.1315,1.4041,-3.44362643102564,16.03466894,3.93506921991251
Ba2TiO4,mp-3397,4.1439,5.1403,0.9964,-3.399091214047619,10.0,4.3193061676604705
Ba2TiS4,mp-17908,2.0967999999999996,4.1164,2.0196,-2.099204554761902,10.0,2.2722061676604697
Ba2Tl(HO)7,mp-757586,2.4973,2.6605,0.1632,-1.7223339007107847,10.0,2.67270616766047
Ba2Tl2O5,mp-18327,0.7601999999999998,3.5999,2.8397,-1.9647487937962964,10.0,0.93560616766047
Ba2TlF7,mp-1214714,4.2059999999999995,2.5578,-1.6482,-3.376654617833336,10.0,4.38140616766047
Ba2TmNbO6,mp-12642,2.8577000000000004,4.8463,1.9886,-3.492432531000001,10.0,3.0331061676604705
Ba2TmPaO6,mp-1206036,3.4494,6.2181,2.7687,-3.7757914300000004,10.0,3.62480616766047
Ba2TmTaO6,mp-1206029,3.4065000000000003,5.5125,2.106,-3.6126705557333336,10.0,3.5819061676604704
Ba2U(AsO5)2,mp-1196334,2.2615,2.9133,0.6518,-2.8116118019166674,10.0,2.43690616766047
Ba2U(PO5)2,mp-1192547,2.1977,3.4446,1.2469,-3.3362470979523806,10.0,2.3731061676604703
Ba2U2O7,mp-583034,0.5402000000000005,5.7137,5.1735,-3.681598229999999,10.0,0.7156061676604707
Ba2UCdO6,mp-1079615,1.8464,4.6749,2.8285,-3.1063567009999993,10.0,2.02180616766047
Ba2UCrO6,mp-1205611,0.9356999999999998,6.3824,5.4467,-3.282478179999999,10.0,1.1111061676604699
Ba2UFeO6,mp-504699,0.5156000000000001,5.9076,5.392,-3.1097674889999993,10.0,0.6910061676604703
Ba2UMnO6,mp-19852,1.0090999999999997,4.9738,3.9647,-3.260499004793104,10.0,1.1845061676604698
Ba2UNiO6,mp-19093,1.6246,5.2596,3.635,-3.0844553799999987,10.0,1.8000061676604702
Ba2UZnO6,mp-1078725,1.7862999999999998,4.9128,3.1265,-3.1767472289999987,10.0,1.96170616766047
Ba2V(SiO4)2,mp-19179,2.6343,4.9444,2.3101,-3.2105166823076923,10.0,2.80970616766047
Ba2V2CuF12,mp-1228885,0.7418,1.3969,0.6551,-3.325935912352942,10.0,0.9172061676604703
Ba2V2FeHO9,mp-1192499,2.2955,2.9468,0.6513,-2.5654220530833336,10.0,2.47090616766047
Ba2V2O7,mp-19474,3.4599,3.3731,-0.0868,-2.9225400338636076,10.0,3.6353061676604703
Ba2V3BiO11,mp-559941,3.0455,3.6915,0.646,-2.653477465588236,10.0,3.22090616766047
Ba2V3HO9,mp-1192628,0.7389000000000001,3.3011,2.5622,-2.7172280910833346,10.0,0.9143061676604703
Ba2V4Cd3O15,mp-558221,2.9385,3.1096,0.1711,-2.403979876770833,10.0,3.11390616766047
Ba2VCu2F12,mp-1214695,0.6976040828084954,1.4267023354813302,0.7290982526728348,-3.0355260605882357,10.0,0.8730102504689655
Ba2VN3,mp-17696,1.3876,4.196,2.8084,-1.2168713079166718,21.496166623333334,1.6088524399399886
Ba2VO4,mp-19096,1.5420000000000003,4.4999,2.9579,-2.930773886071427,10.0,1.7174061676604704
Ba2VP2O9,mp-554810,2.593,3.8713,1.2783,-3.077986980663265,10.0,2.76840616766047
Ba2WO5,mp-28403,3.1569000000000003,5.0143,1.8574,-2.8697342221874855,10.0,3.3323061676604704
Ba2YAg5S6,mp-1104423,1.3642999999999996,4.2612,2.8969,-1.2409462430952363,10.0,1.5397061676604697
Ba2YBiO6,mp-1523166,1.7584999999999997,4.1018,2.3433,-2.8108761275,10.0,1.9339061676604699
Ba2YC2(O2F)3,mp-8985,5.263999999999999,5.9746,0.7106,-3.1950741396428577,10.0,5.4394061676604695
Ba2YCoO5,mp-1205054,0.7717999999999998,3.6448,2.873,-2.808661915555556,10.0,0.94720616766047
Ba2YFeO5,mp-1204162,2.8876000000000004,4.5555,1.6679,-2.9265065249999997,10.0,3.0630061676604705
Ba2YNbO6,mp-7251,2.8555,4.8722,2.0167,-3.444694518,10.0,3.0309061676604703
Ba2YPaO6,mp-1205895,3.9423999999999997,6.5748,2.6324,-3.7287168050000004,10.0,4.117806167660469
Ba2YSbO6,mp-6492,3.5454,6.5225,2.9771,-3.075945864,10.0,3.72080616766047
Ba2YTaO6,mp-12385,3.4638999999999998,5.5027,2.0388,-3.5674410347333327,40.466138160000014,3.703847458423295
Ba2YUO6,mp-1205713,0.8651999999999997,5.9902,5.125,-3.642864564999999,10.0,1.0406061676604699
Ba2YWO6,mp-1520624,1.7928000000000002,5.2914,3.4986,-3.12685046075,10.0,1.9682061676604703
Ba2YbMoO6,mp-1205934,2.2435,4.2972,2.0537,-3.1158671857500027,10.0,2.41890616766047
Ba2YbPaO6,mp-1205639,3.8905000000000003,6.4523,2.5618,-3.6711426617500025,10.0,4.06590616766047
Ba2YbUO6,mp-1205759,2.1684,4.6821,2.5137,-3.6184453082500028,10.0,2.3438061676604702
Ba2Zn(BO3)2,mp-559138,3.3327999999999998,4.1559,0.8231,-2.90650200871212,10.0,3.50820616766047
Ba2Zn2TeP2O11,mp-1195039,4.1025,5.441,1.3385,-2.6394569026917996,10.0,4.27790616766047
Ba2Zn7F18,mp-541827,4.0504999999999995,2.7975,-1.253,-2.9592661399999995,10.0,4.22590616766047
Ba2ZnAs2,mp-1078636,0.6404000000000001,3.1474,2.507,-0.9458156100000004,24.978091473333336,0.8672116248704357
Ba2ZnGe2O7,mp-1190949,3.1063,3.8717,0.7654,-2.580144032916666,10.0,3.28170616766047
Ba2ZnGe2S6O,mp-17244,2.1081000000000003,3.5588,1.4507,-1.5772566754166657,9.132415360000001,2.275362159539458
Ba2ZnMoO6,mp-1206097,2.3851999999999998,4.7146,2.3294,-2.540304109,40.59876640000003,2.6252166643690855
Ba2ZnO3,mp-17911,2.6704,4.2791,1.6087,-2.534313652916667,10.0,2.84580616766047
Ba2ZnS3,mp-5587,2.0208000000000004,4.0011,1.9803,-1.9122406191666652,14.463531743333334,2.2226616859363535
Ba2ZnSi2O7,mp-558629,4.0027,5.4075,1.4048,-3.146197095,10.0,4.17810616766047
Ba2ZnWO6,mp-548615,3.3679,5.5476,2.1797,-2.6546294450000003,31.635720229976076,3.6019342420367324
Ba2Zr6BCl17,mp-568105,1.0855000000000001,3.5179,2.4324,-2.324833717275641,10.0,1.2609061676604703
Ba2ZrF8,mp-5900,5.9374,4.6043,-1.3331,-4.1606286175000005,10.0,6.11280616766047
Ba2ZrO4,mp-8335,2.9833,4.752,1.7687,-3.4308147428571445,43.57564823000001,3.224759167952186
Ba2ZrSnO6,mp-1228067,3.6894,6.7511,3.0617,-3.1393160845,28.720733379999995,3.920683971934425
Ba3(AlAs2)2,mp-1202519,1.056513108462425,4.133316271002081,3.076803162539656,-0.9504134708333325,10.0,1.2319192761228952
Ba3(AlN2)2,mp-17133,1.5661999999999998,5.4784,3.9122,-1.0336221933333347,25.684066323333326,1.793954986471818
Ba3(AlP2)2,mp-1202948,1.6078999999999999,4.9737,3.3658,-0.9636566503968242,10.0,1.78330616766047
Ba3(AsO4)2,mp-9783,3.9060000000000006,5.0814,1.1754,-2.69028426346154,31.114793023333352,4.139580567507921
Ba3(BN2)2,mp-30905,2.5171,4.1353,1.6182,-1.1773026314814823,18.252048799999997,2.731264239707469
Ba3(BO3)2,mp-755417,4.1693,5.1238,0.9545,-3.1508790084848486,10.0,4.34470616766047
Ba3(GaS3)2,mp-29302,2.6781999999999995,4.5264,1.8482,-1.792433225454546,10.0,2.8536061676604696
Ba3(H6Ir)2,mp-643047,3.1535,3.1898,0.0363,-0.548545262058825,15.5318401034235,3.359438410426804
Ba3(InP2)2,mp-19913,1.1082,4.6807,3.5725,-0.7858189174338632,21.836599606666663,1.3300741638924518
Ba3(NaSb2)2,mp-1228324,0.9388000000000001,4.1085,3.1697,-0.8887802341954019,10.0,1.1142061676604702
Ba3(PO4)2,mp-3857,5.1422,7.0019,1.8597,-3.2943714030219775,17.208958276666664,5.353517368656364
Ba3(PS4)2,mp-554255,2.1538,4.7341,2.5803,-1.5672991626373511,10.0,2.32920616766047
Ba3(SbO3)2,mp-31238,2.9311,5.3209,2.3898,-2.5729393106060585,10.0,3.10650616766047
Ba3(SiAs2)2,mp-11692,0.8265000000000002,3.4771,2.6506,-0.8022187861111097,22.929468353333334,1.0502452811724068
Ba3(SnAs2)2,mp-17470,0.7525,3.8121,3.0596,-0.8162519216666672,10.0,0.9279061676604702
Ba3(SnP2)2,mp-601867,0.8645999999999998,4.4223,3.5577,-0.7639145642857146,10.0,1.04000616766047
Ba3(TaS4)2,mp-29354,0.7451999999999996,3.7937,3.0485,-1.84273351548717,10.0,0.9206061676604699
Ba3Al2B10H4O23,mp-1201953,4.9577,4.9711,0.0134,-2.846680474087302,10.0,5.13310616766047
Ba3Al2F12,mp-3361,7.8473999999999995,7.1525,-0.6949,-4.072232442794117,10.0,8.02280616766047
Ba3Al3As5,mp-1203016,1.6560999999999995,4.5836,2.9275,-0.8824988523484849,10.0,1.8315061676604696
Ba3Al3P5,mp-1196964,1.4661,4.9059,3.4398,-0.9240449513528137,10.0,1.64150616766047
Ba3AlAs3,mp-1192376,0.9321000000000002,3.4405,2.5084,-1.04244424357143,10.0,1.1075061676604703
Ba3AlHO4,mp-707218,4.0379000000000005,5.4724,1.4345,-2.7406089543055554,10.0,4.213306167660471
Ba3AlP3,mp-1192373,0.679498501056627,3.7244500117276655,3.0449515106710385,-1.010714270204082,23.874890203333333,0.904724261279775
Ba3As14,mp-524,1.1763,3.9066,2.7303,-0.44724163764706093,18.117439219999998,1.3901152765849867
Ba3B6H2O13,mp-1199009,5.0891,6.2708,1.1817,-2.8824488884375,10.0,5.26450616766047
Ba3B6O11F2,mp-1195844,5.252710526336427,6.43500977537627,1.182299249039842,-3.207352254545454,10.0,5.4281166939968974
Ba3BAsO3,mp-9793,1.5232999999999999,3.8927,2.3694,-2.5330216927083335,16.432546046666662,1.7322637021480087
Ba3BPO3,mp-9712,1.4667000000000003,4.0479,2.5812,-2.495422235476191,17.3293615,1.6783634777180285
Ba3Bi2(PO4)4,mp-555231,3.7865,5.6802,1.8937,-2.890821084742856,10.0,3.9619061676604703
Ba3Bi2TeO9,mp-556407,2.0740000000000003,5.8246,3.7506,-2.334691380444445,10.0,2.2494061676604704
Ba3Bi6PbSe13,mp-669415,0.8085,3.8697,3.0612,-1.127531703933424,10.0,0.9839061676604702
Ba3BiN,mp-567666,0.6473,3.5742,2.9269,-0.8488473629999987,40.98188375667749,0.8875140606982688
Ba3Ca2(SiN3)2,mp-1019520,1.5649000000000002,5.3334,3.7685,-1.1658191938461537,10.0,1.7403061676604703
Ba3Ca3(MoN4)2,mp-1228693,2.2313,4.8208,2.5895,-1.110501928125001,10.0,2.40670616766047
Ba3CaNb2O9,mp-1214569,2.646343132441039,4.6983179296612505,2.0519747972202116,-3.303183195000001,177.53280300666674,2.9026464542665633
Ba3CaSb2O9,mp-554817,3.1711000000000005,5.8642,2.6931,-2.7622951013333346,10.0,3.3465061676604706
Ba3CaTa2O9,mp-1228141,3.2034966092898283,5.370868817313219,2.1673722080233904,-3.4530179606444458,56.563667820000035,3.449473020879438
Ba3Co(CN)3,mp-861914,0.7976999999999999,3.8261,3.0284,-0.6938655350000005,10.0,0.9731061676604701
Ba3Co3Te(PO7)2,mp-1228226,2.7847999999999997,5.1537,2.3689,-2.499213797432712,10.0,2.96020616766047
Ba3Cr2O8,mp-1281162,1.1478000000000002,3.3618,2.214,-2.6295978453846156,10.0,1.3232061676604703
Ba3Dy(BO3)3,mp-1214848,3.8533,5.7353,1.882,-3.3007018226562495,10.0,4.02870616766047
Ba3Dy2(PS4)4,mp-560798,2.3736000000000006,4.8226,2.449,-1.4917140576761891,10.0,2.5490061676604707
Ba3Dy2MoO9,mp-1228336,1.3959000000000006,4.0787,2.6828,-3.177327449555555,10.0,1.5713061676604707
Ba3Dy2WO9,mp-1228348,2.2084,4.8338,2.6254,-3.264355978222221,10.0,2.3838061676604703
Ba3Er(BO3)3,mp-1214885,3.8598999999999997,5.7048,1.8449,-3.3089985046354164,10.0,4.03530616766047
Ba3Er2(PS4)4,mp-560534,2.3777000000000004,4.8539,2.4762,-1.4864492951428554,10.0,2.5531061676604705
Ba3Er2MoO9,mp-1228244,2.063,4.1852,2.1222,-3.2257649849999996,10.0,2.2384061676604703
Ba3Fe2TeO9,mp-1228445,1.7012999999999998,5.0012,3.2999,-2.345328889111111,10.0,1.87670616766047
Ba3Fe2WO9,mp-1228376,1.5158999999999998,4.292,2.7761,-2.522751010666667,10.0,1.69130616766047
Ba3Fe4P8PbO28,mp-1228512,4.0495,5.9359,1.8864,-2.7134836599350645,10.0,4.22490616766047
Ba3Ga2B10H4O23,mp-1229265,4.7953,4.5072,-0.2881,-2.707842681230158,10.0,4.97070616766047
Ba3Ga3P5,mp-1196108,1.5512000000000006,4.799,3.2478,-0.7694224690043256,10.0,1.7266061676604707
Ba3Ga4O9,mp-771132,2.9232,3.4287,0.5055,-2.684727575937501,10.0,3.09860616766047
Ba3GaAs3,mp-1195592,0.7389999999999999,3.0513,2.3123,-1.0003433712500005,10.0,0.9144061676604701
Ba3GaP3,mp-541715,0.601,3.3393,2.7383,-0.9467945273469403,10.0,0.7764061676604702
Ba3GaS4Cl,mp-1198976,3.6078,5.4927,1.8849,-2.130719871388879,10.0,3.7832061676604702
Ba3Gd2(PS4)4,mp-684036,1.4528000000000003,3.8793,2.4265,-1.4932883704428566,10.0,1.6282061676604704
Ba3Ge2(B3O8)2,mp-1194165,4.1759,5.973,1.7971,-2.892586929814815,10.0,4.3513061676604705
Ba3GeO5,mp-778602,2.9101999999999997,4.9727,2.0625,-2.85352409027778,20.31189521,3.12912728564045
Ba3GeS5,mp-1200759,2.0633016194329183,4.568981484991699,2.505679865558781,-1.8619991880555569,10.0,2.2387077870933885
Ba3Hf2O7,mp-754128,3.5641,5.622,2.0579,-3.6430178729166687,31.699531783333327,3.798188790276697
Ba3HfTa4O15,mp-1228378,2.4646999999999997,4.4478,1.9831,-3.5270832964927528,10.0,2.64010616766047
Ba3Ho(BO3)3,mp-14384,3.8238000000000003,5.6938,1.87,-3.3052863298437494,10.0,3.9992061676604704
Ba3Ho2(PS4)4,mp-559171,2.3798999999999997,4.8302,2.4503,-1.488485160542856,10.0,2.55530616766047
Ba3Ho2MoO9,mp-1228250,2.1402,4.1908,2.0506,-3.2112792446666663,10.0,2.3156061676604702
Ba3In(BO3)3,mp-866313,3.4971999999999994,5.4289,1.9317,-2.9718850771354175,10.0,3.6726061676604695
Ba3In2(HO)12,mp-740719,3.2603,2.9452,-0.3151,-1.8209165031321837,10.0,3.43570616766047
Ba3In2(PO4)4,mp-1200796,3.7254,5.6078,1.8824,-2.92877177267619,10.0,3.90080616766047
Ba3In2F12,mp-28274,4.519,4.0797,-0.4393,-3.5691101193137253,10.0,4.69440616766047
Ba3In2MoO9,mp-1228643,1.8273043989332094,5.505302689163161,3.6779982902299513,-2.520288537888889,10.0,2.0027105665936795
Ba3In2O6,mp-20352,0.8525,3.7269,2.8744,-2.5018973948484855,10.0,1.0279061676604702
Ba3In2WO9,mp-1228476,2.6734,6.2126,3.5392,-2.609218550555555,10.0,2.84880616766047
Ba3InAs3,mp-620346,0.5167000000000002,3.2818,2.7651,-0.9727541548809506,10.0,0.6921061676604704
Ba3Ir(CN)3,mp-1106080,0.6643000000000003,3.8734,3.2091,-0.7220327209999994,14.43089948666667,0.8660276592276492
Ba3La2C5O15F2,mp-581361,3.9044,6.2634,2.359,-2.888649400555556,10.0,4.07980616766047
Ba3Lu(BO3)3,mp-14386,3.8583,5.7641,1.9058,-3.3210013442187503,10.0,4.03370616766047
Ba3Lu2MoO9,mp-1228133,1.8999899082458729,4.181139003728662,2.281149095482789,-3.2596153918888886,10.0,2.075396075906343
Ba3Lu4O9,mp-542832,3.1749,4.8837,1.7088,-3.648600351354167,10.0,3.35030616766047
Ba3MgNb2O9,mp-6474,2.6479999999999997,4.9487,2.3007,-3.2660475760000005,10.0,2.82340616766047
Ba3MgSb2O9,mp-16978,2.6494,5.9786,3.3292,-2.6975314176666676,10.0,2.82480616766047
Ba3MgTa2O9,mp-6325,3.2733,5.7055,2.4322,-3.413043947644446,32.06092207775539,3.507693621625771
Ba3MgTaNbO9,mp-1228058,2.8443,5.2126,2.3683,-3.33970034848889,38.01858346178101,3.0828836394932533
Ba3Mn2O8,mp-19188,1.6908999999999998,3.2272,1.5363,-2.427450099297083,10.0,1.86630616766047
Ba3MnNb2O9,mp-20921,1.7737999999999996,4.7105,2.9367,-3.127465983862069,10.0,1.9492061676604697
Ba3MnSb2O9,mp-17341,1.5103,5.5468,4.0365,-2.561670194528736,10.0,1.68570616766047
Ba3Mo2(P2O9)2,mp-554339,2.384,3.8596,1.4756,-2.850849555502646,10.0,2.55940616766047
Ba3MoN4,mp-8863,1.8505000000000003,3.991,2.1405,-1.0218571618750012,15.333421353333334,2.0557241892417837
Ba3Na2Cr4F20,mp-558077,3.8051000000000004,2.7671,-1.038,-3.4433199557847796,10.0,3.9805061676604705
Ba3NaBiO6,mp-556316,1.7096000000000002,3.5363,1.8267,-2.4359613510344826,16.537980246666674,1.9188962898448692
Ba3NaGd3(Si3O10)2,mp-1194728,3.3773,4.6434,1.2661,-3.479348232314525,10.0,3.55270616766047
Ba3NaNbO6,mp-8960,3.0767999999999995,4.5923,1.5155,-2.9767851755799373,10.0,3.2522061676604697
Ba3NaNd3(Si3O10)2,mp-559502,4.5793,5.8076,1.2283,-3.4686795270872506,10.0,4.75470616766047
Ba3NaRuO6,mp-9745,0.5312000000000001,3.2349,2.7037,-2.445419504216302,10.0,0.7066061676604704
Ba3NaSbO6,mp-1190024,2.8068,5.1059,2.2991,-2.6488614005799374,14.975979956666668,3.010689800013155
Ba3NaSm3(Si3O10)2,mp-1195058,4.63,5.8597,1.2297,-3.4812814080721006,10.0,4.80540616766047
Ba3NaTaO6,mp-8961,3.4044,5.0081,1.6037,-3.078000449882968,21.112077163333343,3.6249269149018923
Ba3NaY3(Si3O10)2,mp-1019523,4.7067,5.9977,1.291,-3.4893001130721015,10.0,4.88210616766047
Ba3Nb2CdO9,mp-1214502,2.834881573178878,4.744653343970015,1.909771770791137,-3.0194090243333345,184.89662427666667,3.091377207563116
Ba3Nb2NiO9,mp-1214516,2.681378449468352,5.081430611671461,2.4000521622031092,-3.0124244558333344,43.26360044330564,2.9226957225845154
Ba3Nb2O8,mp-542201,4.499700000000001,4.8318,0.3321,-3.2599856230769246,10.0,4.675106167660471
Ba3Nb2ZnO9,mp-7249,2.7269,4.7979,2.071,-3.0713094083333337,10.0,2.9023061676604702
Ba3Nb6(Si2O13)2,mp-6101,2.281,3.2256,0.9446,-3.2434773441025673,10.0,2.4564061676604703
Ba3NbAs3O,mp-18177,1.0685,2.9596,1.8911,-1.5137468131249996,10.0,1.2439061676604701
Ba3NbGa3(SiO7)2,mp-12881,3.3008,4.4614,1.1606,-3.0256109040217387,13.611193656656821,3.4989501529174243
Ba3P14,mp-1195,1.8931025142082154,5.0665022052780655,3.17339969106985,-0.5060804673529404,10.0,2.0685086818686855
Ba3PuO6,mp-1205571,1.2919999999999998,5.3469,4.0549,-2.996677969874999,10.0,1.46740616766047
Ba3Rh(CN)3,mp-1105268,0.6265999999999998,3.7681,3.1415,-0.6853477005000002,14.868270239999996,0.8300751218304376
Ba3Sb2S7,mp-1195624,1.9628999999999999,4.366,2.4031,-1.516091671041666,10.0,2.13830616766047
Ba3Sb2Se7,mp-1194583,0.9183445772856098,3.053272833836023,2.1349282565504133,-1.4453427328255206,10.0,1.09375074494608
Ba3SbI3,mp-1214632,1.6541,3.3651,1.711,-1.7522843971428566,10.0,1.82950616766047
Ba3SbN,mp-12814,0.6988000000000003,3.8149,3.1161,-0.8872129459999997,42.35459155000574,0.9396920107272289
Ba3Sc(BO3)3,mp-14972,3.4741999999999997,5.6427,2.1685,-3.2823068269270834,10.0,3.64960616766047
Ba3ScCO3F7,mp-560519,4.9154,4.8688,-0.0466,-3.715492950666667,10.0,5.09080616766047
Ba3Si2(B3O8)2,mp-1019526,5.4031,7.3214,1.9183,-3.1519017657407407,10.0,5.57850616766047
Ba3SiS5,mp-27805,2.8127,5.4094,2.5967,-2.0042695636111088,10.0,2.98810616766047
Ba3SmInS6,mp-1191360,2.2597,4.8616,2.6019,-2.0501820451515145,10.0,2.43510616766047
Ba3Sn2O7,mp-770846,1.6702999999999997,4.9971,3.3268,-2.668888976666666,10.0,1.8457061676604698
Ba3Sn2O7,mp-2205007,2.4833,5.6883,3.205,-2.518166966770837,10.0,2.65870616766047
Ba3Sn2S7,mp-556291,2.1916999999999995,4.4091,2.2174,-1.5835979706249983,10.0,2.3671061676604697
Ba3Sr2Re3ClO15,mp-1214717,2.5002000000000004,3.5121,1.0119,-2.7683983678125,10.0,2.6756061676604705
Ba3Sr9Al4(O4F)4,mp-1228149,4.292520296624943,6.855924121764118,2.5634038251391744,-3.420721226388889,10.0,4.467926464285413
Ba3SrEr2(MoO6)2,mp-1228234,0.9889000000000001,4.5015,3.5126,-3.0871675334999997,10.0,1.1643061676604702
Ba3SrMg2(TeO6)2,mp-1228054,2.9505999999999997,6.2261,3.2755,-2.6759663396666653,10.0,3.12600616766047
Ba3SrNb2O9,mp-540949,3.4290000000000003,4.7716,1.3426,-3.2635678793333343,10.0,3.6044061676604704
Ba3SrSb2O9,mp-555078,3.1456,5.4707,2.3251,-2.7240190936666675,10.0,3.32100616766047
Ba3SrTa2O9,mp-540950,4.029299999999999,5.4102,1.3809,-3.4044608436444452,10.0,4.204706167660469
Ba3Ta2CdO9,mp-554669,3.4868,5.5087,2.0219,-3.166950008644446,59.983505503333326,3.733640479918292
Ba3Ta2CoO9,mp-1214485,2.2305889204572553,4.925871413681159,2.695282493223904,-3.1641122439777805,32.95716326844527,2.465709670415561
Ba3Ta2MnO9,mp-1214505,2.349368805830387,5.379552997622855,3.030184191792468,-3.2734627158398477,41.226637379590066,2.5897070521452514
Ba3Ta2NiO9,mp-32310,3.3695999999999997,5.8823,2.5127,-3.1572395726444444,29.729291184512164,3.601896559788377
Ba3Ta2Se9,mp-1195068,1.2458,3.5804,2.3346,-1.5764115959471725,10.0,1.4212061676604701
Ba3Ta2ZnO9,mp-1214475,3.3501410515625754,5.5574887562045845,2.207347704642009,-3.216124539311112,41.942117829999994,3.590834014468228
Ba3Ta4Ti4O21,mp-1228489,2.1932,4.1691,1.9759,-3.491660836802084,10.0,2.36860616766047
Ba3Ta4TiO15,mp-1228225,2.3532944324425347,4.44175812018522,2.0884636877426854,-3.4604720785942034,10.0,2.528700600103005
Ba3Ta6(Si2O13)2,mp-6169,3.0288000000000004,4.2313,1.2025,-3.4314123154871803,10.0,3.2042061676604705
Ba3Ta6Fe2O21,mp-1228561,2.2005999999999997,3.933,1.7324,-3.1754527135625015,10.0,2.37600616766047
Ba3TaAs3O,mp-18090,1.0819,3.0301,1.9482,-1.538329979666666,10.0,1.2573061676604702
Ba3TaFe3(SiO7)2,mp-1190340,2.5099,3.8886,1.3787,-2.862215714666666,10.0,2.68530616766047
Ba3Tb(BO2)9,mp-1214548,5.1728,5.5934,0.4206,-3.1311232185215054,10.0,5.34820616766047
Ba3Tb2(PS4)4,mp-554264,2.3711,4.807,2.4359,-1.49501083377619,10.0,2.5465061676604703
Ba3Tb2WO9,mp-1228418,2.3808,4.8305,2.4497,-3.2597099612222213,10.0,2.55620616766047
Ba3Te2O9,mp-17009,2.3815999999999997,5.1323,2.7507,-2.3881671898809542,10.0,2.55700616766047
Ba3Te4O11,mp-28102,3.2308999999999997,5.3015,2.0706,-2.2355064967592586,10.0,3.40630616766047
Ba3ThSe7,mp-1095255,0.923,3.0479,2.1249,-1.9382507033096636,10.0,1.0984061676604702
Ba3Tm(BO2)9,mp-1214609,5.2676,5.7301,0.4625,-3.13842977717742,10.0,5.44300616766047
Ba3Tm(BO3)3,mp-14385,3.8436000000000003,5.7362,1.8926,-3.315729301302055,10.0,4.0190061676604705
Ba3Tm4O9,mp-14322,3.2767,4.8462,1.5695,-3.6254550540625017,10.0,3.45210616766047
Ba3Tm4O9,mp-2017426,3.7874000000000008,5.1694,1.382,-3.544652072734376,10.0,3.962806167660471
Ba3UAgS6,mp-1190457,0.6431,4.2763,3.6332,-1.9035401710606046,10.0,0.8185061676604702
Ba3UFe2O9,mp-1228523,0.7951999999999995,5.3386,4.5434,-2.8880441909999983,10.0,0.9706061676604697
Ba3UIn2O9,mp-1228397,1.5562,5.2522,3.696,-2.9705912688888882,10.0,1.7316061676604702
Ba3V2O8,mp-19365,3.7465,4.4322,0.6857,-3.018909883076909,10.0,3.9219061676604703
Ba3V4(PO4)6,mp-1228744,2.0378999999999996,4.3164,2.2785,-2.928511188455598,10.0,2.2133061676604697
Ba3V4O13,mp-505392,2.9455999999999998,2.4955,-0.4501,-2.8231374335,10.0,3.12100616766047
Ba3V4PbO14,mp-561403,3.0209,3.4094,0.3885,-2.7342561477272724,10.0,3.1963061676604703
Ba3WN4,mp-14743,1.9649999999999999,3.9562,1.9912,-1.0845059726562507,14.977095116666668,2.168894062139744
Ba3WO6,mp-1228775,3.1513999999999998,4.7123,1.5609,-2.8651739709999995,10.0,3.32680616766047
Ba3Y(BO3)3,mp-6310,3.8152999999999997,5.7025,1.8872,-3.292742405572916,10.0,3.99070616766047
Ba3Y2(B2O5)3,mp-1019527,4.525,5.1283,0.6033,-3.2901023631730766,10.0,4.7004061676604705
Ba3Y2MoO9,mp-1228052,1.569,4.1415,2.5725,-3.159680050000001,10.0,1.74440616766047
Ba3Y2WO9,mp-1228087,2.4074999999999998,5.0695,2.662,-3.2466517549999994,10.0,2.58290616766047
Ba3Zn3Te(PO7)2,mp-1190416,2.8908,4.5808,1.69,-2.6296831402587992,10.0,3.06620616766047
Ba3Zn5In2O11,mp-560544,1.6191,3.8908,2.2717,-2.1828185068253965,10.0,1.79450616766047
Ba3Zn6Si4TeO20,mp-543034,2.6456000000000004,4.6694,2.0238,-2.6270777434313732,10.0,2.8210061676604705
Ba3ZnB5PO14,mp-1019525,4.8405000000000005,5.9096,1.0691,-3.0172891002281736,9.59666669,5.01230323887031
Ba3ZnSb2O9,mp-1214487,1.9684999999999997,5.0535,3.085,-2.491926767000001,10.0,2.14390616766047
Ba3Zr2O7,mp-755895,3.0246000000000004,4.8752,1.8506,-3.5195134820833345,47.090075230000004,3.267527395220048
Ba3Zr2S7,mp-8570,0.8273999999999999,3.3141,2.4867,-2.149402541875,10.0,1.00280616766047
Ba3Zr6BeCl18,mp-569563,1.0267999999999997,3.9797,2.9529,-2.28692473,10.0,1.2022061676604698
Ba4(PtO3)3,mp-757840,1.5953000000000004,4.9073,3.312,-2.075194557812495,10.0,1.7707061676604705
Ba4AgAuO6,mp-556896,1.8623000000000003,3.8692,2.0069,-2.1967615268055556,10.0,2.0377061676604704
Ba4Al2O7,mp-560978,3.5745,5.4539,1.8794,-3.1865793357692302,10.0,3.74990616766047
Ba4As2O,mp-8300,0.6642000000000001,2.9257,2.2615,-1.5774581914285675,100.90852878708775,0.9168366512882208
Ba4Bi2O,mp-1228030,0.5712999999999999,3.3094,2.7381,-1.5185464621428575,30.073732243333325,0.8039268190696925
Ba4Bi3F17,mp-38357,4.9991,5.3537,0.3546,-3.503158435208329,10.0,5.1745061676604704
Ba4CaV4Cu2F28,mp-1355181,0.9638,1.0064,0.0426,-3.352662564358974,10.0,1.1392061676604701
Ba4CeMn3O12,mp-561553,1.9704000000000002,4.5705,2.6001,-2.776246725689655,10.0,2.1458061676604703
Ba4Co(ReO6)2,mp-1106249,1.536,4.0031,2.4671,-2.6279541386842116,10.0,1.7114061676604702
Ba4Ga2O7,mp-30198,3.2427,4.3754,1.1327,-2.7633117656410255,10.0,3.4181061676604703
Ba4GeAs4,mp-14002,0.8233999999999999,3.0343,2.2109,-0.9700582608333339,10.0,0.9988061676604701
Ba4GeP4,mp-14215,1.0143999999999997,3.7453,2.7309,-0.9172534112301578,10.0,1.1898061676604699
Ba4Hf3O10,mp-2755143,4.157900000000001,6.0875,1.9296,-3.5843777313235337,10.0,4.333306167660471
Ba4InAgS6,mp-1195568,1.6864,4.2268,2.5404,-1.8003721956944432,10.0,1.86180616766047
Ba4InSbO8,mp-1228129,2.3872505247913622,5.23197401665967,2.844723491868308,-2.6798840233333325,21.577927923333338,2.6086540732783496
Ba4LaGe3SbSe13,mp-683936,1.2329999999999997,3.6451,2.4121,-1.4577948217258518,10.0,1.4084061676604698
Ba4Li(BiO4)3,mp-1214461,0.5661,3.0865,2.5204,-2.196125535666667,10.0,0.7415061676604703
Ba4Li(SbO4)3,mp-7971,1.4543999999999997,4.8274,3.373,-2.5572890126666663,29.016487063333283,1.6859882017705323
Ba4LiCu(CO5)2,mp-15472,0.9264999999999999,3.0556,2.1291,-2.4817517396296305,19.985980899999998,1.1447390462685219
Ba4LiMo2N7,mp-6011,1.7645,4.3182,2.5537,-0.9844584793452366,10.0,1.93990616766047
Ba4LiNb3O12,mp-18274,2.5797999999999996,4.4665,1.8867,-3.2066301164166666,93.51429459329789,2.831764914204547
Ba4LiTa3O12,mp-16792,3.1132999999999997,5.1563,2.043,-3.367030845016667,10.0,3.28870616766047
Ba4LiW2N7,mp-6665,1.9722999999999997,4.3385,2.3662,-1.0541952811309525,10.0,2.14770616766047
Ba4Mg(SiN3)2,mp-1019517,1.5934999999999997,5.2921,3.6986,-1.081160289615384,10.0,1.7689061676604698
Ba4MgTa10O30,mp-1228584,2.4684200642799823,4.278833470022834,1.8104134057428514,-3.4188381039629627,10.0,2.6438262319404524
Ba4MnGa2(S3F2)2,mp-1197784,2.9405,4.8639,1.9234,-2.4956137119371196,10.0,3.1159061676604702
Ba4Na(BN2)3,mp-9705,2.0443,4.2261,2.1818,-1.1237728063485224,19.076975389999944,2.2604952221132764
Ba4Na(BO3)3,mp-6575,3.9839,5.6112,1.6273,-3.0509842580958426,10.0,4.15930616766047
Ba4Na(SbO4)3,mp-6273,1.5307,4.8445,3.3138,-2.5395449675689648,28.167693896666197,1.7613979399499367
Ba4Na2W2O11,mp-1228581,3.6266,5.0615,1.4349,-2.7136465809346633,10.0,3.80200616766047
Ba4NaCu(CO5)2,mp-6841,1.032,3.1352,2.1032,-2.459740442854406,13.577737086666668,1.2299949607473903
Ba4Nb2(OF4)3,mp-558153,3.3527,2.1972,-1.1555,-3.7989155065079365,10.0,3.52810616766047
Ba4Nb2O9,mp-1193166,4.0298,4.8974,0.8676,-3.2234481980000074,10.0,4.20520616766047
Ba4Nb2WO12,mp-1228131,2.7361644693840868,4.634463631364544,1.8982991619804572,-3.1034034157894737,73.69325926333333,2.9856637271177138
Ba4NbFeO8,mp-1022809,2.6971,4.3713,1.6742,-2.904453096607143,10.0,2.87250616766047
Ba4Nd4Zn3PtO15,mp-9837,2.4838,5.0332,2.5494,-2.810163555740741,10.0,2.65920616766047
Ba4P2O,mp-28164,1.0411000000000001,3.3264,2.2853,-1.5078049841836731,10.0,1.2165061676604703
Ba4P3,mp-28823,0.7464,3.4006,2.6542,-1.003928899668367,10.0,0.9218061676604702
Ba4P3HF24,mp-1203328,6.0339,4.6475,-1.3864,-3.37015442734933,10.0,6.20930616766047
Ba4PdO6,mp-782050,1.273016150643846,3.6457044013924524,2.3726882507486065,-2.4218371899999998,20.17151893666667,1.491649727687469
Ba4PtO6,mp-8727,1.8103999999999996,4.6804,2.87,-2.467705925000003,19.36462406333334,2.0272627290528202
Ba4Re2NiO12,mp-1228183,1.8907000000000003,4.0106,2.1199,-2.6055031465789473,10.0,2.0661061676604704
Ba4Sb2O,mp-9774,0.6354000000000002,3.4805,2.8451,-1.5963649078571431,10.0,0.8108061676604704
Ba4Sb2O9,mp-801028,3.5922999999999994,5.6347,2.0424,-2.6492869596666657,10.0,3.7677061676604695
